"Date2","Sensor01","Sensor02","Sensor03","Sensor04","Sensor05","Sensor06","Sensor07","Sensor08","Sensor09","Sensor10","Sensor11","Sensor12","Sensor13","Sensor14","Sensor15","Sensor16","Sensor17","Sensor18","Sensor19","Sensor20","Sensor21","Sensor22","Sensor23","Sensor24","Sensor25","Sensor26","Sensor27","Sensor28","Sensor29","Sensor30","Sensor31","Sensor32","Sensor33","Sensor34","Sensor35"
"2015-07-07",0.155493255131965,0.135,0.171239882697947,0.111817595307918,0.226064516129032,0.358848093841642,NA,0.266253372434018,0.154155425219941,0.132172434017595,0.101733137829912,0.35355073313783,0.197469794721408,0.486902052785924,0.185155425219941,0.292128445747801,0.177395307917889,0.309692668621701,0.335395307917889,0.289719648093842,NA,0.334324340175953,0.26898651026393,0.130310850439883,0.202141935483871,0.103959530791789,0.209128445747801,0.500746627565982,0.177479765395894,0.226324340175953,0.332398826979472,0.261395307917889,0.141327859237537,0.218692668621701,0.458354838709677
"2015-07-08",0.154958333333333,0.131125,0.170375,0.110541666666667,0.203541666666667,0.347458333333333,0.52,0.265041666666667,0.153041666666667,0.123875,0.101541666666667,0.347958333333333,0.186166666666667,0.483666666666667,0.184083333333333,0.289125,0.177,0.305916666666667,0.333083333333333,0.28425,NA,0.333708333333333,0.267333333333333,0.128125,0.198208333333333,0.100458333333333,0.206375,0.499166666666667,0.175666666666667,0.224333333333333,0.319208333333333,0.260041666666667,0.134,0.212458333333333,0.451208333333333
"2015-07-09",0.15393981628128,0.127220462464365,0.169419702248971,0.112463414634146,0.210547988596769,0.35876813430472,NA,0.264801076971809,0.153948685460881,0.136264491605955,0.101259106746912,0.349520430788723,0.190793474817865,0.481312005068103,0.184770034843206,0.286582198289515,0.176693379790941,0.301649350649351,0.333348432055749,0.282080139372822,NA,0.333313905606589,0.267988913525499,0.130906556857776,0.194569211276528,0.103426670890086,0.205233449477352,0.500842888818499,0.175635096610706,0.222229965156794,0.329337979094077,0.259074754513779,0.152769084573963,0.212120367437441,0.477274944567627
"2015-07-10",0.153666666666667,0.12125,0.168375,0.109875,0.19175,0.341166666666667,0.521,0.263708333333333,0.150583333333333,0.122958333333333,0.100291666666667,0.347625,0.176625,0.474916666666667,0.182833333333333,0.284958333333333,0.175666666666667,0.29525,0.3305,0.278208333333333,NA,0.332625,0.265583333333333,0.125625,0.190416666666667,0.0967916666666667,0.201458333333333,0.497666666666667,0.174541666666667,0.221375,0.315291666666667,0.257583333333333,0.133375,0.206583333333333,0.453541666666667
"2015-07-11",0.1525,0.117166666666667,0.166708333333333,0.107333333333333,0.167333333333333,0.325583333333333,0.5194375,0.262625,0.148916666666667,0.115666666666667,0.0993333333333333,0.339208333333333,0.166166666666667,0.467458333333333,0.181708333333333,0.280875,0.174416666666667,0.29025,0.327,0.273583333333333,NA,0.331,0.263416666666667,0.123125,0.18675,0.0924583333333333,0.196791666666667,0.496041666666667,0.172416666666667,0.219166666666667,0.302791666666667,0.255375,0.123541666666667,0.200791666666667,0.43925
"2015-07-12",0.160291666666667,0.12525,0.170958333333333,0.116708333333333,0.280458333333333,0.395375,0.51625,0.293583333333333,0.160708333333333,0.145625,0.101375,0.38325,0.21925,0.478958333333333,0.220791666666667,0.29625,0.177291666666667,0.298041666666667,0.334666666666667,0.3085,NA,0.331541666666667,0.269791666666667,0.155291666666667,0.186458333333333,0.125708333333333,0.227416666666667,0.508125,0.183708333333333,0.21675,0.386833333333333,0.25525,0.221625,0.234625,0.485894736842105
"2015-07-13",0.158083333333333,0.128791666666667,0.173833333333333,0.114916666666667,0.292083333333333,0.406791666666667,NA,0.28625,0.163125,0.169041666666667,0.103291666666667,0.386458333333333,0.2325,0.489833333333333,0.210625,0.30375,0.179291666666667,0.303,0.340583333333333,0.326041666666667,NA,0.333333333333333,0.271958333333333,0.164875,0.189208333333333,0.127875,0.241958333333333,0.511291666666667,0.183791666666667,0.21825,0.401375,0.256416666666667,0.231375,0.25425,0.47875
"2015-07-14",0.154708333333333,0.124041666666667,0.171291666666667,0.113416666666667,0.28275,0.393208333333333,NA,0.273541666666667,0.162791666666667,0.162375,0.102291666666667,0.371625,0.2175,0.487833333333333,0.192416666666667,0.292958333333333,0.177666666666667,0.296583333333333,0.33575,0.316125,NA,0.333,0.2705,0.142541666666667,0.188,0.121791666666667,0.219791666666667,0.511208333333333,0.179125,0.217791666666667,0.379583333333333,0.256125,0.196083333333333,0.231666666666667,0.481458333333333
"2015-07-15",0.153708333333333,0.118583333333333,0.170291666666667,0.112,0.264833333333333,0.378125,NA,0.268708333333333,0.157708333333333,0.150875,0.101125,0.36575,0.197833333333333,0.4875,0.186375,0.287708333333333,0.176333333333333,0.293291666666667,0.331583333333333,0.3055,NA,0.33225,0.269125,0.131208333333333,0.186708333333333,0.111458333333333,0.209958333333333,0.506958333333333,0.177,0.2175,0.359875,0.255083333333333,0.169916666666667,0.218166666666667,0.473208333333333
"2015-07-16",0.152708333333333,0.115333333333333,0.16825,0.109375,0.221041666666667,0.357,0.519071428571429,0.265583333333333,0.15275,0.12975,0.100166666666667,0.355625,0.173166666666667,0.479625,0.182166666666667,0.282166666666667,0.175291666666667,0.2895,0.327,0.291125,NA,0.330833333333333,0.265666666666667,0.124541666666667,0.184541666666667,0.102125,0.202,0.502875,0.173708333333333,0.2165,0.330541666666667,0.253541666666667,0.140166666666667,0.206,0.453166666666667
"2015-07-17",0.151333333333333,0.112958333333333,0.166041666666667,0.105875,0.184125,0.338166666666667,0.515125,0.263208333333333,0.1495,0.116208333333333,0.098375,0.345375,0.159541666666667,0.466833333333333,0.178666666666667,0.277416666666667,0.173916666666667,0.287333333333333,0.323,0.28075,NA,0.3295,0.262583333333333,0.121,0.182041666666667,0.0955,0.194708333333333,0.499833333333333,0.17125,0.215541666666667,0.306041666666667,0.252166666666667,0.123708333333333,0.197833333333333,0.437
"2015-07-18",0.1495,0.110333333333333,0.163375,0.102666666666667,0.158583333333333,0.321916666666667,0.50525,0.261166666666667,0.146375,0.106958333333333,0.0972916666666667,0.332666666666667,0.150375,0.448125,0.175833333333333,0.273583333333333,0.171875,0.283125,0.319083333333333,0.272916666666667,NA,0.328,0.260083333333333,0.118333333333333,0.178833333333333,0.090375,0.188875,0.497375,0.168625,0.213291666666667,0.291208333333333,0.25025,0.111208333333333,0.192291666666667,0.418291666666667
"2015-07-19",0.148,0.109416666666667,0.161875,0.102583333333333,0.147958333333333,0.314708333333333,0.505958333333333,0.26,0.146458333333333,0.103166666666667,0.0979166666666667,0.323958333333333,0.150083333333333,0.435666666666667,0.176541666666667,0.271083333333333,0.170708333333333,0.281708333333333,0.317666666666667,0.269833333333333,NA,0.327541666666667,0.260583333333333,0.119125,0.176291666666667,0.0892083333333333,0.186041666666667,0.496041666666667,0.169833333333333,0.21175,0.297,0.2485,0.115708333333333,0.190791666666667,0.406041666666667
"2015-07-20",0.146666666666667,0.111083333333333,0.16125,0.104208333333333,0.158125,0.326833333333333,0.514045454545455,0.259958333333333,0.148458333333333,0.10375,0.09925,0.32175,0.16625,0.428583333333333,0.180208333333333,0.270291666666667,0.171375,0.279416666666667,0.318333333333333,0.274916666666667,NA,0.327,0.262916666666667,0.123125,0.175291666666667,0.0985833333333333,0.184458333333333,0.49875,0.1705,0.209458333333333,0.328458333333333,0.247875,0.13525,0.212916666666667,0.435875
"2015-07-21",0.148958333333333,0.114333333333333,0.163666666666667,0.107833333333333,0.1905,0.356833333333333,0.5175,0.260833333333333,0.15025,0.105666666666667,0.102083333333333,0.360375,0.180791666666667,0.433291666666667,0.185583333333333,0.273791666666667,0.1725,0.284583333333333,0.319583333333333,0.294125,NA,0.327833333333333,0.2655,0.124708333333333,0.177666666666667,0.110291666666667,0.188458333333333,0.505666666666667,0.174125,0.209,0.35975,0.247916666666667,0.152875,0.245083333333333,0.464916666666667
"2015-07-22",0.148416666666667,0.111958333333333,0.165375,0.107791666666667,0.187958333333333,0.357333333333333,0.519,0.260791666666667,0.149916666666667,0.108,0.10025,0.353166666666667,0.184125,0.431125,0.18125,0.273791666666667,0.172833333333333,0.282416666666667,0.319541666666667,0.284875,NA,0.327791666666667,0.266041666666667,0.124,0.17725,0.102291666666667,0.185833333333333,0.506791666666667,0.173375,0.208666666666667,0.387458333333333,0.248375,0.165083333333333,0.270958333333333,0.478041666666667
"2015-07-23",0.147041666666667,0.107333333333333,0.163333333333333,0.103375,0.165041666666667,0.324875,0.517526315789474,0.259541666666667,0.146,0.102125,0.0982083333333333,0.33925,0.158791666666667,0.423375,0.177333333333333,0.271166666666667,0.171333333333333,0.278458333333333,0.316625,0.273708333333333,0.521,0.326958333333333,0.261958333333333,0.118583333333333,0.174625,0.0938333333333333,0.18325,0.502791666666667,0.170791666666667,0.208583333333333,0.335375,0.247291666666667,0.127958333333333,0.212041666666667,0.440916666666667
"2015-07-24",0.145666666666667,0.105541666666667,0.161041666666667,0.0999583333333333,0.148958333333333,0.308875,0.507958333333333,0.258291666666667,0.143791666666667,0.0972916666666667,0.0963333333333333,0.321416666666667,0.144541666666667,0.408333333333333,0.173916666666667,0.267833333333333,0.169708333333333,0.274625,0.313666666666667,0.267166666666667,0.520166666666667,0.325708333333333,0.258583333333333,0.115916666666667,0.1725,0.089,0.179291666666667,0.499375,0.168458333333333,0.207375,0.300125,0.245375,0.113916666666667,0.194583333333333,0.416583333333333
"2015-07-25",0.143791666666667,0.103458333333333,0.158416666666667,0.097,0.136041666666667,0.298666666666667,0.491375,0.256291666666667,0.141208333333333,0.0934166666666667,0.0947916666666667,0.301875,0.134625,0.391375,0.1715,0.264666666666667,0.168666666666667,0.271083333333333,0.309791666666667,0.261916666666667,0.517166666666667,0.324416666666667,0.256166666666667,0.113375,0.169708333333333,0.085625,0.17525,0.496541666666667,0.166083333333333,0.205875,0.283333333333333,0.243416666666667,0.104583333333333,0.185958333333333,0.395291666666667
"2015-07-26",0.142041666666667,0.102666666666667,0.155916666666667,0.0957083333333333,0.131,0.292708333333333,0.486625,0.25575,0.14125,0.0911666666666667,0.094125,0.288666666666667,0.134083333333333,0.37225,0.173666666666667,0.262708333333333,0.167375,0.268291666666667,0.307625,0.261333333333333,0.518545454545455,0.323,0.256333333333333,0.112791666666667,0.167375,0.0841666666666667,0.17225,0.49725,0.1665,0.204,0.279458333333333,0.241875,0.106791666666667,0.18225,0.392041666666667
"2015-07-27",0.140666666666667,0.0995,0.154166666666667,0.0927916666666667,0.123041666666667,0.2855,0.468916666666667,0.253958333333333,0.137666666666667,0.0887083333333333,0.093375,0.272708333333333,0.12625,0.353416666666667,0.16925,0.260375,0.16575,0.265875,0.3045,0.2555,0.516708333333333,0.321958333333333,0.253208333333333,0.111208333333333,0.165,0.082125,0.168458333333333,0.49525,0.164041666666667,0.202541666666667,0.272041666666667,0.2395,0.0975833333333333,0.178416666666667,0.373583333333333
"2015-07-28",0.138791666666667,0.0974166666666667,0.15175,0.0906666666666667,0.114208333333333,0.278791666666667,0.44625,0.252291666666667,0.135375,0.0850416666666667,0.0919166666666667,0.25325,0.119583333333333,0.334166666666667,0.167291666666667,0.257416666666667,0.164291666666667,0.263458333333333,0.301041666666667,0.251125,0.515583333333333,0.320625,0.250291666666667,0.109291666666667,0.162208333333333,0.0800833333333333,0.164958333333333,0.4905,0.162291666666667,0.200875,0.265375,0.237333333333333,0.0915,0.174666666666667,0.358041666666667
"2015-07-29",0.137181818181818,0.0956837944664032,0.149407114624506,0.0884071146245059,0.107237154150198,0.272616600790514,0.423857707509881,0.250731225296443,0.133288537549407,0.0822885375494071,0.0912490118577075,0.23396442687747,0.114422924901186,0.318450592885375,0.165604743083004,0.254166007905138,0.162644268774704,0.261324110671937,0.297920948616601,0.247454545454545,0.515288537549407,0.319288537549407,0.247411067193676,0.107446640316206,0.159450592885375,0.0779723320158103,0.161316205533597,0.485513833992095,0.160486166007905,0.198498023715415,0.259079051383399,0.235249011857707,0.0874861660079051,0.171090909090909,0.340351778656126
"2015-07-30",0.13744578313253,0.0969879518072289,0.147461847389558,0.0876827309236948,0.106803212851406,0.274931726907631,0.417534136546185,0.249555555555556,0.133164658634538,0.0814016064257028,0.0903614457831325,0.227951807228916,0.118807228915663,0.30463453815261,0.169578313253012,0.254008032128514,0.161799196787149,0.261566265060241,0.29604016064257,0.24559437751004,0.515277511961723,0.31795983935743,0.247815261044177,0.107767068273092,0.158658634538153,0.0812168674698795,0.160441767068273,0.484293172690763,0.159682730923695,0.196654618473896,0.269622489959839,0.233389558232932,0.0908995983935743,0.169963855421687,0.334036144578313
"2015-07-31",0.140666666666667,0.105166666666667,0.148916666666667,0.094,0.161958333333333,0.320166666666667,0.488791666666667,NA,0.142541666666667,0.0865416666666667,0.0927916666666667,0.267416666666667,0.152625,0.306458333333333,0.191416666666667,0.262708333333333,0.165291666666667,0.2725,0.299166666666667,0.249958333333333,NA,0.318583333333333,0.25925,0.1155,0.16425,0.106791666666667,0.169833333333333,0.502541666666667,0.166083333333333,0.194583333333333,0.356291666666667,0.234791666666667,0.135041666666667,0.182958333333333,0.363625
"2015-08-01",0.138208333333333,0.100666666666667,0.148416666666667,0.0924583333333333,0.147958333333333,0.306708333333333,0.468833333333333,NA,0.139,0.0851666666666667,0.09275,0.259666666666667,0.13425,0.302833333333333,0.177916666666667,0.260208333333333,0.164666666666667,0.268625,0.297958333333333,0.248291666666667,0.5205,0.319,0.255958333333333,0.112416666666667,0.162708333333333,0.0962083333333333,0.167791666666667,0.498916666666667,0.164958333333333,0.195333333333333,0.328125,0.234666666666667,0.117791666666667,0.1815,0.35
"2015-08-02",0.13825,0.104625,0.149541666666667,0.0982916666666667,0.15175,0.310666666666667,0.4725,NA,0.141958333333333,0.0849583333333333,0.092,0.267208333333333,0.146708333333333,0.299833333333333,0.180291666666667,0.257833333333333,0.165,0.266666666666667,0.298541666666667,0.248708333333333,0.52,0.319125,0.256875,0.112625,0.162291666666667,0.102208333333333,0.166458333333333,0.504833333333333,0.166166666666667,0.195291666666667,0.315458333333333,0.235291666666667,0.123583333333333,0.179875,0.343291666666667
"2015-08-03",0.148541666666667,0.123375,0.151541666666667,0.103625,0.222916666666667,0.347875,0.486826086956522,NA,0.147875,0.0920833333333333,0.0929166666666667,0.321291666666667,0.181625,0.330833333333333,0.191541666666667,0.272291666666667,0.166458333333333,0.278875,0.30275,0.252041666666667,NA,0.319958333333333,0.259708333333333,0.121041666666667,0.171833333333333,0.114583333333333,0.183541666666667,0.512,0.184,0.198083333333333,0.37,0.236541666666667,0.154333333333333,0.208,0.421708333333333
"2015-08-04",0.140625,0.11,0.149625,0.0938333333333333,0.187583333333333,0.325916666666667,0.455958333333333,NA,0.142791666666667,0.088625,0.0914166666666667,0.288083333333333,0.14575,0.310083333333333,0.177083333333333,0.265291666666667,0.164791666666667,0.275291666666667,0.300541666666667,0.250666666666667,0.5192,0.32,0.255958333333333,0.114916666666667,0.166166666666667,0.100625,0.176,0.504583333333333,0.17325,0.195333333333333,0.341333333333333,0.235541666666667,0.120958333333333,0.194083333333333,0.385916666666667
"2015-08-05",0.139,0.103875,0.14875,0.0910416666666667,0.153708333333333,0.31175,0.428041666666667,NA,0.139791666666667,0.085125,0.090625,0.259875,0.131541666666667,0.296791666666667,0.172708333333333,0.2605,0.164416666666667,0.271166666666667,0.297875,0.249041666666667,0.518476190476191,0.319666666666667,0.253333333333333,0.111791666666667,0.164125,0.0930416666666667,0.171333333333333,0.500166666666667,0.16925,0.194708333333333,0.314,0.234541666666667,0.1095,0.185875,0.3645
"2015-08-06",0.137625,0.09975,0.14775,0.08925,0.133875,0.300333333333333,0.398,NA,0.13775,0.0829583333333333,0.0895833333333333,0.236916666666667,0.1215,0.283541666666667,0.16925,0.256,0.163333333333333,0.267625,0.295833333333333,0.246791666666667,0.516190476190476,0.318625,0.251125,0.109625,0.162041666666667,0.0868333333333333,0.166208333333333,0.498291666666667,0.165666666666667,0.1935,0.288416666666667,0.233,0.0999583333333333,0.178416666666667,0.346208333333333
"2015-08-07",0.139166666666667,0.112625,0.1485,0.0952083333333333,0.206833333333333,0.339375,0.471291666666667,NA,0.143625,0.0906666666666667,0.0885833333333333,0.243708333333333,0.150375,0.284916666666667,0.176208333333333,0.260583333333333,0.164666666666667,0.269666666666667,0.29825,0.251125,0.521142857142857,0.319083333333333,0.259916666666667,0.112208333333333,0.163166666666667,0.106583333333333,0.1685,0.509541666666667,0.166916666666667,0.19225,0.351958333333333,0.233958333333333,0.14925,0.194,0.416291666666667
"2015-08-08",0.14125,0.121375,0.150541666666667,0.102791666666667,0.222291666666667,0.345875,0.469636363636364,NA,0.144666666666667,0.092125,0.0904583333333333,0.276916666666667,0.170833333333333,0.298375,0.179958333333333,0.262041666666667,0.16525,0.304041666666667,0.300916666666667,0.252458333333333,0.521,0.319791666666667,0.259375,0.114833333333333,0.162958333333333,0.109666666666667,0.176541666666667,0.509958333333333,0.169708333333333,0.196458333333333,0.352083333333333,0.243208333333333,0.158375,0.207333333333333,0.4175
"2015-08-09",0.13975,0.119583333333333,0.151375,0.0995833333333333,0.23675,0.346541666666667,0.4675,NA,0.143791666666667,0.091,0.0913333333333333,0.290458333333333,0.163958333333333,0.29825,0.179166666666667,0.263458333333333,0.16625,0.308625,0.302666666666667,0.254208333333333,0.521,0.32075,0.259666666666667,0.115666666666667,0.16325,0.109666666666667,0.179125,0.507708333333333,0.170916666666667,0.197166666666667,0.359083333333333,0.243583333333333,0.147666666666667,0.213541666666667,0.415625
"2015-08-10",0.137772258669166,0.106740393626992,0.150544517338332,0.0950065604498594,0.196544517338332,0.328264292408622,0.425524367385192,NA,0.140430646672915,0.086595595126523,0.0907900656044986,0.26197985004686,0.141445173383318,0.284085754451734,0.17284114339269,0.259312089971884,0.164959700093721,0.286145735707591,0.299589034676664,0.251589034676664,0.51859793814433,0.32,0.255519681349578,0.112089034676664,0.161810215557638,0.0984568884723524,0.172950328022493,0.503515463917526,0.168278819119025,0.194765698219306,0.329685098406748,0.238823336457357,0.121447047797563,0.203157450796626,0.389830834114339
"2015-08-11",0.137833333333333,0.101916666666667,0.149208333333333,0.094375,0.162958333333333,0.324625,0.393375,NA,0.139083333333333,0.08425,0.089625,0.236333333333333,0.133166666666667,0.273291666666667,0.171416666666667,0.256083333333333,0.164,0.277166666666667,0.297416666666667,0.249,0.516619047619048,0.319666666666667,0.2535,0.113333333333333,0.162166666666667,0.0936666666666667,0.168208333333333,0.501708333333333,0.165666666666667,0.193208333333333,0.309625,0.2355,0.112833333333333,0.193,0.371083333333333
"2015-08-12",0.138166666666667,0.106583333333333,0.151083333333333,0.103458333333333,0.190125,0.34725,0.438833333333333,NA,0.139958333333333,0.0865833333333333,0.08925,0.230875,0.144541666666667,0.267333333333333,0.175333333333333,0.257041666666667,0.164583333333333,0.29725,0.297958333333333,0.250291666666667,0.519333333333333,0.3195,0.255416666666667,0.117791666666667,0.162875,0.09875,0.168916666666667,0.503916666666667,0.166291666666667,0.191666666666667,0.340916666666667,0.235333333333333,0.12075,0.195541666666667,0.364166666666667
"2015-08-13",0.136708333333333,0.0998333333333333,0.148458333333333,0.0974166666666667,0.1505,0.318333333333333,0.372625,NA,0.137583333333333,0.0819583333333333,0.089,0.219125,0.127791666666667,0.258666666666667,0.168875,0.253791666666667,0.163458333333333,0.278458333333333,0.295666666666667,0.246666666666667,0.516625,0.318625,0.251625,0.10925,0.1605,0.0895833333333333,0.1645,0.499791666666667,0.164375,0.191041666666667,0.297375,0.233291666666667,0.104625,0.185708333333333,0.3495
"2015-08-14",0.13525,0.0962083333333333,0.1465,0.094375,0.133208333333333,0.298083333333333,0.340708333333333,NA,0.136291666666667,0.079125,0.088,0.209125,0.12,0.249083333333333,0.166041666666667,0.251333333333333,0.161791666666667,0.271208333333333,0.294166666666667,0.244125,0.515666666666667,0.318,0.249041666666667,0.106375,0.15875,0.0850416666666667,0.160791666666667,0.497833333333333,0.162375,0.18975,0.275083333333333,0.23125,0.0961666666666667,0.178208333333333,0.338041666666667
"2015-08-15",0.140125,0.101583333333333,0.1505,0.102833333333333,0.208208333333333,0.336833333333333,0.400625,NA,0.141833333333333,0.0797083333333333,0.089,0.240416666666667,0.16775,0.253333333333333,0.182708333333333,0.257333333333333,0.165291666666667,0.284458333333333,0.297291666666667,0.2475,0.515375,0.318416666666667,0.256708333333333,0.1135,0.161375,0.101666666666667,0.167291666666667,0.502875,0.165458333333333,0.190833333333333,0.313916666666667,0.234833333333333,0.137375,0.196666666666667,0.39425
"2015-08-16",0.146791666666667,0.128583333333333,0.160833333333333,0.124541666666667,0.278583333333333,0.383583333333333,0.468083333333333,NA,0.151416666666667,0.0882083333333333,0.09575,0.319541666666667,0.236416666666667,0.274333333333333,0.209583333333333,0.281041666666667,0.17725,0.335875,0.305666666666667,0.277625,NA,0.320625,0.272958333333333,0.129541666666667,0.165375,0.1245,0.177333333333333,0.510291666666667,0.184875,0.197333333333333,0.379041666666667,0.240416666666667,0.189583333333333,0.270416666666667,0.451166666666667
"2015-08-17",0.142269390171699,0.130602131438721,0.162569567791593,0.126220840734162,0.258714031971581,0.377763173475429,0.446667258732978,NA,0.151431024274719,0.0979236234458259,0.0957874481941978,0.362019538188277,0.226291888691533,0.274290704558911,0.202274126702191,0.281025458851391,0.175708111308467,0.343430432208407,0.309714031971581,0.283614564831261,0.521,0.322,0.270519242155121,0.134743043220841,0.165825340438129,0.120821195973949,0.175714031971581,0.507095914742451,0.178249259917111,0.198393724097099,0.375057430432208,0.238699230313795,0.170744819419775,0.297268798105388,0.425380106571936
"2015-08-18",0.1385,0.125166666666667,0.157375,0.114708333333333,0.253541666666667,0.37025,0.422125,NA,0.149708333333333,0.0934166666666667,0.0927083333333333,0.346416666666667,0.218041666666667,0.262291666666667,0.191958333333333,0.269875,0.170625,0.317916666666667,0.306041666666667,0.278291666666667,0.520666666666667,0.321666666666667,0.267291666666667,0.123416666666667,0.164125,0.1105,0.172625,0.507,0.174875,0.195708333333333,0.363,0.237125,0.146041666666667,0.291958333333333,0.407291666666667
"2015-08-19",0.137,0.112333333333333,0.15425,0.104083333333333,0.224666666666667,0.348375,0.356666666666667,NA,0.145833333333333,0.088375,0.0916666666666667,0.325583333333333,0.187041666666667,0.252458333333333,0.181,0.261458333333333,0.167291666666667,0.299083333333333,0.3015,0.268833333333333,0.518333333333333,0.320583333333333,0.26025,0.114958333333333,0.161583333333333,0.100333333333333,0.16875,0.505,0.170958333333333,0.193875,0.336,0.2345,0.123416666666667,0.27325,0.387333333333333
"2015-08-20",0.1365,0.105708333333333,0.152625,0.099875,0.183708333333333,0.337125,0.334416666666667,NA,0.144916666666667,0.0855,0.0906666666666667,0.296791666666667,0.1775,0.2465,0.177041666666667,0.256416666666667,0.165708333333333,0.286958333333333,0.298791666666667,0.263291666666667,0.516909090909091,0.32,0.256291666666667,0.110958333333333,0.160833333333333,0.0958333333333333,0.166541666666667,0.502,0.168041666666667,0.192375,0.312,0.23275,0.113041666666667,0.256833333333333,0.369791666666667
"2015-08-21",0.13575,0.103666666666667,0.151958333333333,0.10275,0.185541666666667,0.346416666666667,0.343625,NA,0.144833333333333,0.08775,0.0896666666666667,0.279958333333333,0.194125,0.242083333333333,0.178333333333333,0.255875,0.165041666666667,0.284166666666667,0.299333333333333,0.264666666666667,0.521,0.32,0.258125,0.111208333333333,0.161541666666667,0.099375,0.166708333333333,0.508541666666667,0.166875,0.190958333333333,0.318791666666667,0.232375,0.118666666666667,0.254375,0.358958333333333
"2015-08-22",0.135,0.0989166666666667,0.150333333333333,0.09875,0.15425,0.321208333333333,0.306375,NA,0.141875,0.083875,0.0892916666666667,0.259291666666667,0.166333333333333,0.236166666666667,0.172916666666667,0.252583333333333,0.163541666666667,0.279166666666667,0.297,0.256,0.517916666666667,0.31925,0.253791666666667,0.107125,0.1615,0.0909583333333333,0.163833333333333,0.503208333333333,0.165416666666667,0.190125,0.288833333333333,0.230708333333333,0.105958333333333,0.245875,0.344583333333333
"2015-08-23",0.135291666666667,0.09775,0.150416666666667,0.100458333333333,0.163166666666667,0.329541666666667,0.312416666666667,NA,0.141583333333333,0.0829583333333333,0.0885833333333333,0.242583333333333,0.175916666666667,0.233,0.173708333333333,0.251375,0.163,0.27625,0.296583333333333,0.255916666666667,0.516,0.318083333333333,0.252875,0.108708333333333,0.162458333333333,0.0945833333333333,0.1635,0.506,0.163791666666667,0.188541666666667,0.288958333333333,0.230958333333333,0.112,0.236708333333333,0.361833333333333
"2015-08-24",0.135373760488177,0.100419527078566,0.150336384439359,0.105961098398169,0.173797101449275,0.352488939740656,0.325463005339436,NA,0.14470938215103,0.0851662852784134,0.0881495041952708,0.240217391304348,0.20755758962624,0.236308924485126,0.18125171624714,0.253479786422578,0.168998474446987,0.278356979405034,0.298577421815408,0.261850495804729,0.521,0.318850495804729,0.257283752860412,0.108603356216629,0.162775743707094,0.096534706331045,0.164548436308162,0.507959572845156,0.166035087719298,0.187822273073989,0.304424866514111,0.232,0.117896262395118,0.237841342486651,0.364829900839054
"2015-08-25",0.148125,0.147875,0.178833333333333,0.171708333333333,0.30525,0.405041666666667,0.468521739130435,NA,0.168791666666667,0.114916666666667,0.0985833333333333,0.366625,0.302125,0.316041666666667,0.250708333333333,0.31325,0.2175,0.395791666666667,0.382333333333333,0.336958333333333,NA,0.322333333333333,0.275,0.176791666666667,0.198208333333333,0.137875,0.203458333333333,0.517913043478261,0.225333333333333,0.214333333333333,0.402125,0.280708333333333,0.217375,0.352333333333333,0.466208333333333
"2015-08-26",0.146125,0.144875,0.178583333333333,0.16825,0.271708333333333,0.382166666666667,0.423,NA,0.175166666666667,0.131208333333333,0.0990833333333333,0.3555,0.266625,0.313125,0.245208333333333,0.308416666666667,0.200416666666667,0.388375,0.379208333333333,0.335625,0.521,0.324916666666667,0.280083333333333,0.149291666666667,0.219791666666667,0.134625,0.2135,0.513458333333333,0.21225,0.226416666666667,0.383833333333333,0.282125,0.194791666666667,0.337416666666667,0.427291666666667
"2015-08-27",0.184791666666667,0.187,0.219166666666667,0.217875,0.335,0.418708333333333,0.498857142857143,NA,0.2105,0.178,0.107708333333333,0.397041666666667,0.326,0.371,0.311916666666667,0.36275,0.250083333333333,0.442916666666667,0.420166666666667,0.388833333333333,NA,0.329958333333333,0.291458333333333,0.214125,0.26025,0.175041666666667,0.25925,0.51685,0.262041666666667,0.28975,0.41275,0.350958333333333,0.305958333333333,0.388375,0.47975
"2015-08-28",0.211833333333333,0.223,0.2585,0.258541666666667,0.336666666666667,0.420833333333333,0.495333333333333,NA,0.253833333333333,0.199666666666667,0.127916666666667,0.405666666666667,0.326083333333333,0.381791666666667,0.354708333333333,0.391083333333333,0.32625,0.4505,0.425,0.400041666666667,NA,0.342791666666667,0.33075,0.2305,0.296833333333333,0.193125,0.29275,0.513333333333333,0.296416666666667,0.324583333333333,0.414708333333333,0.365416666666667,0.323666666666667,0.393208333333333,0.475708333333333
"2015-08-29",0.18375,0.195958333333333,0.253541666666667,0.230541666666667,0.292083333333333,0.390541666666667,0.447625,NA,0.23775,0.170583333333333,0.118333333333333,0.367666666666667,0.281041666666667,0.33775,0.316458333333333,0.357875,0.2885,0.420041666666667,0.38875,0.365041666666667,NA,0.342041666666667,0.32325,0.182958333333333,0.276291666666667,0.170125,0.263541666666667,0.50875,0.268083333333333,0.307333333333333,0.387208333333333,0.323708333333333,0.25475,0.348333333333333,0.434833333333333
"2015-08-30",0.189625,0.227833333333333,0.264458333333333,0.252583333333333,0.321666666666667,0.413125,0.486136363636364,NA,0.250791666666667,0.196458333333333,0.119458333333333,0.387208333333333,0.307291666666667,0.343208333333333,0.335125,0.379583333333333,0.311291666666667,0.43775,0.404666666666667,0.378875,NA,0.344166666666667,0.337083333333333,0.207708333333333,0.282958333333333,0.183875,0.277083333333333,0.512478260869565,0.280916666666667,0.315625,0.403041666666667,0.339208333333333,0.290791666666667,0.370833333333333,0.457958333333333
"2015-08-31",0.172333333333333,0.207291666666667,0.261416666666667,0.239041666666667,0.292791666666667,0.390958333333333,0.462375,NA,0.242916666666667,0.184708333333333,0.116541666666667,0.365791666666667,0.283541666666667,0.33275,0.312541666666667,0.363583333333333,0.292333333333333,0.422083333333333,0.387708333333333,0.36375,NA,0.344541666666667,0.335541666666667,0.185458333333333,0.279541666666667,0.173041666666667,0.264583333333333,0.508458333333333,0.26975,0.312291666666667,0.388125,0.321125,0.255333333333333,0.346375,0.432958333333333
"2015-09-01",0.175916666666667,0.218916666666667,0.270875,0.252875,0.31675,0.408041666666667,0.480545454545455,NA,0.245083333333333,0.191666666666667,0.113416666666667,0.3815,0.300708333333333,0.335291666666667,0.320583333333333,0.371125,0.301458333333333,0.426833333333333,0.397791666666667,0.370291666666667,NA,0.343625,0.337541666666667,0.203916666666667,0.280375,0.178,0.268083333333333,0.5105,0.276916666666667,0.312708333333333,0.404458333333333,0.320541666666667,0.286458333333333,0.360791666666667,0.439833333333333
"2015-09-02",0.187791666666667,0.232708333333333,0.28525,0.268833333333333,0.3125,0.414041666666667,0.478791666666667,NA,0.265708333333333,0.205541666666667,0.118166666666667,0.3835,0.302416666666667,0.3495,0.347291666666667,0.381416666666667,0.319333333333333,0.431666666666667,0.405041666666667,0.385541666666667,NA,0.35225,0.354708333333333,0.22825,0.306666666666667,0.189875,0.287875,0.512416666666667,0.291541666666667,0.327875,0.403125,0.349041666666667,0.286666666666667,0.365875,0.448666666666667
"2015-09-03",0.170416666666667,0.206,0.266166666666667,0.245333333333333,0.286875,0.391875,0.437083333333333,NA,0.255291666666667,0.1815,0.116083333333333,0.361583333333333,0.28325,0.324208333333333,0.319541666666667,0.360208333333333,0.295583333333333,0.416333333333333,0.384916666666667,0.3635,NA,0.348541666666667,0.338583333333333,0.19925,0.286541666666667,0.172375,0.265166666666667,0.508416666666667,0.274666666666667,0.324541666666667,0.393041666666667,0.321583333333333,0.246,0.345333333333333,0.431583333333333
"2015-09-04",0.163416666666667,0.193041666666667,0.244375,0.232375,0.270708333333333,0.377708333333333,0.39775,NA,0.247625,0.165375,0.112875,0.3475,0.2725,0.305416666666667,0.300375,0.344291666666667,0.276791666666667,0.4085,0.37575,0.350541666666667,0.521,0.344291666666667,0.327041666666667,0.184083333333333,0.275541666666667,0.159083333333333,0.252208333333333,0.506583333333333,0.261916666666667,0.320333333333333,0.391333333333333,0.30575,0.225083333333333,0.329791666666667,0.423416666666667
"2015-09-05",0.160833333333333,0.180541666666667,0.224875,0.220416666666667,0.25725,0.368625,0.362083333333333,NA,0.23875,0.152666666666667,0.109083333333333,0.331208333333333,0.264875,0.305875,0.282125,0.3315,0.259083333333333,0.402083333333333,0.369041666666667,0.341125,0.520565217391304,0.340208333333333,0.316583333333333,0.171083333333333,0.276541666666667,0.147916666666667,0.240291666666667,0.505,0.250875,0.311375,0.385291666666667,0.293708333333333,0.2015,0.317333333333333,0.414416666666667
"2015-09-06",0.15725,0.170833333333333,0.207208333333333,0.202166666666667,0.24075,0.360833333333333,0.332833333333333,NA,0.230166666666667,0.139625,0.105708333333333,0.309875,0.254708333333333,0.297458333333333,0.26525,0.317833333333333,0.239,0.39775,0.36125,0.331291666666667,0.51925,0.33575,0.303875,0.1575,0.274291666666667,0.137375,0.230625,0.503583333333333,0.238,0.300166666666667,0.377,0.282458333333333,0.173958333333333,0.304416666666667,0.401875
"2015-09-07",0.158333333333333,0.172791666666667,0.201958333333333,0.202125,0.242916666666667,0.365375,0.342227272727273,NA,0.231166666666667,0.134333333333333,0.103291666666667,0.311541666666667,0.259875,0.298041666666667,0.2725,0.32075,0.243875,0.403208333333333,0.368208333333333,0.337541666666667,0.519,0.333166666666667,0.297958333333333,0.161125,0.2775,0.138458333333333,0.231208333333333,0.504708333333333,0.23225,0.300458333333333,0.381375,0.283666666666667,0.179916666666667,0.309166666666667,0.408083333333333
"2015-09-08",0.160260406582769,0.206929332042594,0.235883833494676,0.240830590513069,0.291198451113262,0.401950629235237,0.440723136495644,NA,0.261575992255566,0.149852855759923,0.10481316553727,0.369044530493708,0.298151984511133,0.331895450145208,0.330384317521781,0.367389157792836,0.297189738625363,0.429087124878993,0.401277831558567,0.380192642787996,NA,0.336094869312682,0.306247821878025,0.193199419167473,0.315621490803485,0.163799612778316,0.257900290416263,0.513945788964182,0.243702807357212,0.335322362052275,0.413318489835431,0.302441432720232,0.244910939012585,0.354230396902227,0.441382381413359
"2015-09-09",0.15975,0.204583333333333,0.236125,0.249708333333333,0.299208333333333,0.404791666666667,0.438208333333333,NA,0.254416666666667,0.157666666666667,0.104791666666667,0.359833333333333,0.29925,0.317666666666667,0.3235,0.364041666666667,0.2895,0.432,0.391666666666667,0.3665,NA,0.335583333333333,0.303291666666667,0.199875,0.309166666666667,0.163291666666667,0.250166666666667,0.511708333333333,0.236708333333333,0.326958333333333,0.418291666666667,0.290833333333333,0.250916666666667,0.35375,0.443
"2015-09-10",0.163708333333333,0.21375,0.248083333333333,0.271666666666667,0.307,0.408,0.446666666666667,NA,0.257333333333333,0.169666666666667,0.106208333333333,0.367541666666667,0.306083333333333,0.315208333333333,0.331541666666667,0.377083333333333,0.307291666666667,0.436916666666667,0.403,0.368291666666667,NA,0.341041666666667,0.314375,0.209125,0.31975,0.166791666666667,0.249541666666667,0.514565217391304,0.238958333333333,0.33375,0.423916666666667,0.300125,0.26225,0.360125,0.451083333333333
"2015-09-11",0.164416666666667,0.213041666666667,0.24625,0.28125,0.3105,0.409875,0.455083333333333,NA,0.258666666666667,0.177375,0.106291666666667,0.367833333333333,0.308833333333333,0.314958333333333,0.33075,0.383791666666667,0.308875,0.4395,0.39825,0.365333333333333,NA,0.343833333333333,0.326666666666667,0.214583333333333,0.323041666666667,0.170958333333333,0.249625,0.516761904761905,0.23925,0.337458333333333,0.424583333333333,0.301833333333333,0.264916666666667,0.365375,0.458875
"2015-09-12",0.165791666666667,0.238291666666667,0.266541666666667,0.303,0.318375,0.418416666666667,0.491666666666667,NA,0.27375,0.199541666666667,0.108666666666667,0.377958333333333,0.322875,0.328041666666667,0.3765,0.398833333333333,0.33475,0.443,0.405041666666667,0.36875,NA,0.351625,0.348041666666667,0.226625,0.337,0.183208333333333,0.261166666666667,0.518583333333333,0.249375,0.349291666666667,0.433583333333333,0.306041666666667,0.289958333333333,0.373916666666667,0.475291666666667
"2015-09-13",0.16175,0.241875,0.265708333333333,0.292541666666667,0.306583333333333,0.410375,0.461541666666667,NA,0.268416666666667,0.193458333333333,0.108333333333333,0.364166666666667,0.309625,0.325791666666667,0.366708333333333,0.388208333333333,0.332,0.437958333333333,0.397666666666667,0.360291666666667,NA,0.354083333333333,0.343166666666667,0.215583333333333,0.332791666666667,0.17575,0.259333333333333,0.5195,0.251708333333333,0.344875,0.427541666666667,0.294708333333333,0.264916666666667,0.347583333333333,0.452291666666667
"2015-09-14",0.160708333333333,0.243625,0.270583333333333,0.29675,0.317166666666667,0.416625,0.479333333333333,NA,0.267291666666667,0.196416666666667,0.10725,0.372041666666667,0.32075,0.317833333333333,0.356875,0.391333333333333,0.343291666666667,0.440625,0.401041666666667,0.364666666666667,NA,0.35275,0.331041666666667,0.222916666666667,0.334833333333333,0.177125,0.252666666666667,0.5197,0.257958333333333,0.343625,0.432458333333333,0.294041666666667,0.283833333333333,0.356583333333333,0.455
"2015-09-15",0.169208333333333,0.261416666666667,0.287875,0.332375,0.339833333333333,0.427125,0.501714285714286,NA,0.289125,0.216541666666667,0.109708333333333,0.412791666666667,0.334041666666667,0.343291666666667,0.393166666666667,0.407916666666667,0.369708333333333,0.456875,0.415291666666667,0.38475,NA,0.35875,0.36025,0.24325,0.364625,0.194,0.26975,0.520307692307692,0.289333333333333,0.359583333333333,0.440208333333333,0.3335,0.312041666666667,0.385625,0.483833333333333
"2015-09-16",0.184666666666667,0.293458333333333,0.2965,0.342958333333333,0.337375,0.425791666666667,0.501347826086956,NA,0.309625,0.224708333333333,0.119083333333333,0.417166666666667,0.334166666666667,0.372541666666667,0.409083333333333,0.408125,0.371958333333333,0.457291666666667,0.418333333333333,0.399416666666667,NA,0.369083333333333,0.377375,0.240916666666667,0.373375,0.204875,0.297208333333333,0.521090909090909,0.324416666666667,0.368041666666667,0.440666666666667,0.369083333333333,0.314875,0.390375,0.486375
"2015-09-17",0.169625,0.290166666666667,0.28,0.323708333333333,0.310916666666667,0.408541666666667,0.484208333333333,NA,0.292083333333333,0.208708333333333,0.116416666666667,0.39925,0.3115,0.361208333333333,0.383708333333333,0.388166666666667,0.344666666666667,0.44325,0.396791666666667,0.381791666666667,NA,0.367375,0.357583333333333,0.216333333333333,0.354416666666667,0.194541666666667,0.280333333333333,0.519958333333333,0.301375,0.358625,0.421916666666667,0.339833333333333,0.274708333333333,0.371708333333333,0.453166666666667
"2015-09-18",0.170041666666667,0.292458333333333,0.2715,0.329041666666667,0.317,0.411083333333333,0.480434782608696,NA,0.293291666666667,0.211,0.117458333333333,0.403166666666667,0.314708333333333,0.364166666666667,0.38225,0.391208333333333,0.348791666666667,0.443208333333333,0.40175,0.381625,NA,0.369416666666667,0.360208333333333,0.221333333333333,0.35525,0.198166666666667,0.281666666666667,0.518823529411765,0.298666666666667,0.360708333333333,0.425125,0.336166666666667,0.277916666666667,0.37675,0.4565
"2015-09-19",0.170541666666667,0.311291666666667,0.288125,0.336875,0.317583333333333,0.413583333333333,0.479958333333333,NA,0.302583333333333,0.214708333333333,0.12125,0.407791666666667,0.316708333333333,0.370125,0.392083333333333,0.396958333333333,0.35825,0.445916666666667,0.405291666666667,0.389541666666667,NA,0.372833333333333,0.364791666666667,0.220333333333333,0.362125,0.205291666666667,0.288125,0.520454545454546,0.308333333333333,0.36575,0.426,0.3445,0.282041666666667,0.379291666666667,0.455041666666667
"2015-09-20",0.162208333333333,0.294708333333333,0.264708333333333,0.317041666666667,0.3,0.401291666666667,0.453458333333333,NA,0.283,0.194375,0.119041666666667,0.395083333333333,0.301625,0.357583333333333,0.366666666666667,0.380166666666667,0.333208333333333,0.43375,0.389333333333333,0.371625,0.522,0.368083333333333,0.348833333333333,0.203541666666667,0.343166666666667,0.191166666666667,0.273166666666667,0.517083333333333,0.289333333333333,0.361125,0.416208333333333,0.321291666666667,0.251083333333333,0.361583333333333,0.430916666666667
"2015-09-21",0.159208333333333,0.278375,0.246958333333333,0.305125,0.292875,0.395125,0.443291666666667,NA,0.273208333333333,0.184208333333333,0.11725,0.390083333333333,0.295125,0.3505,0.347416666666667,0.369875,0.318291666666667,0.428,0.38125,0.362541666666667,NA,0.36175,0.343625,0.196875,0.33375,0.18325,0.265208333333333,0.514458333333333,0.279958333333333,0.354041666666667,0.413833333333333,0.308041666666667,0.234666666666667,0.354333333333333,0.418916666666667
"2015-09-22",0.161916666666667,0.277166666666667,0.25075,0.313375,0.309375,0.408583333333333,0.46575,NA,0.26925,0.187333333333333,0.119708333333333,0.403375,0.308583333333333,0.346583333333333,0.354791666666667,0.379458333333333,0.333625,0.436708333333333,0.389166666666667,0.365708333333333,NA,0.357083333333333,0.340958333333333,0.211541666666667,0.3435,0.185291666666667,0.262291666666667,0.516625,0.278958333333333,0.3505,0.425416666666667,0.321875,0.252041666666667,0.359583333333333,0.434916666666667
"2015-09-23",0.159583333333333,0.275875,0.263125,0.315,0.310708333333333,0.41175,0.480541666666667,NA,0.265958333333333,0.181708333333333,0.1215,0.403708333333333,0.312291666666667,0.348208333333333,0.347458333333333,0.377791666666667,0.343458333333333,0.439583333333333,0.392041666666667,0.365625,NA,0.357375,0.336958333333333,0.211583333333333,0.3615,0.18625,0.262291666666667,0.519083333333333,0.275,0.351833333333333,0.424375,0.318375,0.253833333333333,0.362083333333333,0.434041666666667
"2015-09-24",0.156366197183099,0.260829577464789,0.245960563380282,0.296138028169014,0.295845070422535,0.400315492957746,0.451846478873239,NA,0.251056338028169,0.1556,0.118364788732394,0.396219718309859,0.299346478873239,0.342323943661972,0.300157746478873,0.363391549295775,0.320464788732394,0.428277464788732,0.381945070422535,0.355471830985915,0.5202,0.3539,0.330276056338028,0.197505633802817,0.350371830985916,0.178038028169014,0.256115492957746,0.518723943661972,0.263404225352113,0.345930985915493,0.41436338028169,0.301640845070423,0.230685915492958,0.353483098591549,0.417481690140845
"2015-09-25",0.153708333333333,0.234416666666667,0.223333333333333,0.2775,0.281041666666667,0.389458333333333,0.414,NA,0.24175,0.149,0.114291666666667,0.391,0.287708333333333,0.333666666666667,0.282916666666667,0.348416666666667,0.296083333333333,0.42,0.372416666666667,0.345541666666667,0.519208333333333,0.349,0.316125,0.18375,0.33975,0.167958333333333,0.241166666666667,0.518833333333333,0.250041666666667,0.332083333333333,0.405666666666667,0.287416666666667,0.203291666666667,0.340125,0.403916666666667
"2015-09-26",0.151625,0.209583333333333,0.207708333333333,0.26475,0.264541666666667,0.379041666666667,0.3805,NA,0.237375,0.139083333333333,0.110375,0.387041666666667,0.276541666666667,0.322875,0.27125,0.334041666666667,0.272333333333333,0.411083333333333,0.363833333333333,0.335958333333333,0.518416666666667,0.349375,0.302833333333333,0.171416666666667,0.328875,0.158458333333333,0.231333333333333,0.513958333333333,0.240041666666667,0.318916666666667,0.397333333333333,0.277083333333333,0.181291666666667,0.330416666666667,0.391375
"2015-09-27",0.150125,0.184291666666667,0.195583333333333,0.248625,0.246916666666667,0.368,0.352833333333333,NA,0.229041666666667,0.13125,0.107541666666667,0.382791666666667,0.260583333333333,0.31175,0.25525,0.328875,0.252416666666667,0.403625,0.354541666666667,0.32625,0.516666666666667,0.346291666666667,0.290375,0.16025,0.310916666666667,0.147833333333333,0.22275,0.510583333333333,0.229583333333333,0.305541666666667,0.390791666666667,0.268,0.163708333333333,0.317125,0.379583333333333
"2015-09-28",0.148208333333333,0.164625,0.186333333333333,0.222291666666667,0.229041666666667,0.357083333333333,0.335,NA,0.221375,0.124166666666667,0.105583333333333,0.382375,0.238125,0.299333333333333,0.239833333333333,0.31825,0.23675,0.394208333333333,0.346166666666667,0.316041666666667,0.5155,0.342791666666667,0.279833333333333,0.149833333333333,0.296375,0.137958333333333,0.215041666666667,0.503791666666667,0.22,0.293875,0.383583333333333,0.261458333333333,0.150583333333333,0.305791666666667,0.369583333333333
"2015-09-29",0.147125,0.149875,0.179541666666667,0.200958333333333,0.210708333333333,0.346791666666667,0.322166666666667,NA,0.211666666666667,0.118041666666667,0.104125,0.380125,0.218458333333333,0.288041666666667,0.227208333333333,0.308208333333333,0.223833333333333,0.384708333333333,0.338833333333333,0.306958333333333,0.513625,0.339666666666667,0.270875,0.140458333333333,0.277833333333333,0.13025,0.208625,0.498458333333333,0.212291666666667,0.283125,0.374375,0.256958333333333,0.140541666666667,0.3005,0.359458333333333
"2015-09-30",0.14575,0.139833333333333,0.173916666666667,0.187,0.188416666666667,0.335458333333333,0.310583333333333,NA,0.201708333333333,0.112708333333333,0.102458333333333,0.373916666666667,0.198625,0.280291666666667,0.218958333333333,0.299833333333333,0.211708333333333,0.376583333333333,0.331583333333333,0.297291666666667,0.512,0.337625,0.26375,0.134083333333333,0.262333333333333,0.123375,0.203166666666667,0.496583333333333,0.205541666666667,0.272541666666667,0.363958333333333,0.252916666666667,0.132208333333333,0.288083333333333,0.349708333333333
"2015-10-01",0.144083333333333,0.133,0.167541666666667,0.178958333333333,0.171625,0.327458333333333,0.312416666666667,NA,0.192375,0.111208333333333,0.10175,0.370083333333333,0.184208333333333,0.276125,0.212333333333333,0.304625,0.205125,0.371166666666667,0.327291666666667,0.28975,0.51275,0.334708333333333,0.25975,0.133291666666667,0.249708333333333,0.120375,0.197833333333333,0.498041666666667,0.201291666666667,0.265708333333333,0.358541666666667,0.251625,0.128041666666667,0.287416666666667,0.345125
"2015-10-02",0.143583333333333,0.128125,0.165833333333333,0.172875,0.163416666666667,0.322833333333333,0.310458333333333,NA,0.18675,0.108625,0.101625,0.367291666666667,0.175958333333333,0.273041666666667,0.209208333333333,0.300541666666667,0.201875,0.368458333333333,0.325541666666667,0.2845,0.514,0.334,0.258791666666667,0.131416666666667,0.240833333333333,0.118208333333333,0.195125,0.498166666666667,0.199125,0.262333333333333,0.358,0.2505,0.126583333333333,0.284666666666667,0.341416666666667
"2015-10-03",0.145708333333333,0.126208333333333,0.166208333333333,0.189791666666667,0.193208333333333,0.339625,0.339826086956522,NA,0.214,0.118791666666667,0.102041666666667,0.382041666666667,0.194041666666667,0.292166666666667,0.216541666666667,0.3285,0.227041666666667,0.38325,0.345333333333333,0.303083333333333,0.514,0.336708333333333,0.265041666666667,0.137041666666667,0.253708333333333,0.131041666666667,0.202916666666667,0.503347826086956,0.199166666666667,0.278708333333333,0.375458333333333,0.256333333333333,0.143,0.308208333333333,0.364916666666667
"2015-10-04",0.147916666666667,0.128416666666667,0.16675,0.239291666666667,0.275041666666667,0.389166666666667,0.406291666666667,NA,0.267416666666667,0.133583333333333,0.104416666666667,0.417916666666667,0.265833333333333,0.341833333333333,0.249791666666667,0.388875,0.289791666666667,0.422291666666667,0.391458333333333,0.347625,0.519823529411765,0.339583333333333,0.279875,0.153041666666667,0.307708333333333,0.152708333333333,0.221708333333333,0.512583333333333,0.207333333333333,0.334375,0.417458333333333,0.27175,0.181083333333333,0.367916666666667,0.414083333333333
"2015-10-05",0.144625,0.124208333333333,0.16475,0.232083333333333,0.257416666666667,0.37425,0.357208333333333,0.35825,0.245958333333333,0.12525,0.103291666666667,0.408791666666667,0.253791666666667,0.327125,0.234791666666667,0.36375,0.259458333333333,0.405958333333333,0.372916666666667,0.32875,0.518708333333333,0.338,0.272041666666667,0.145375,0.300375,0.144708333333333,0.213875,0.507125,0.205958333333333,0.328208333333333,0.405166666666667,0.2645,0.161583333333333,0.349666666666667,0.387958333333333
"2015-10-06",0.144,0.120916666666667,0.162416666666667,0.2215,0.248583333333333,0.364708333333333,0.3415,0.348291666666667,0.229958333333333,0.124375,0.102583333333333,0.403416666666667,0.244958333333333,0.316291666666667,0.226291666666667,0.348333333333333,0.241583333333333,0.395458333333333,0.363125,0.317166666666667,0.518833333333333,0.336958333333333,0.266291666666667,0.139791666666667,0.2915,0.139708333333333,0.2095,0.508375,0.204041666666667,0.317833333333333,0.402,0.260208333333333,0.15125,0.337958333333333,0.375083333333333
"2015-10-07",0.147375,0.123625,0.163125,0.266083333333333,0.285666666666667,0.393,0.409166666666667,0.383375,0.233666666666667,0.141083333333333,0.106625,0.417833333333333,0.275,0.316875,0.240958333333333,0.374041666666667,0.279833333333333,0.410958333333333,0.378125,0.326041666666667,0.521166666666667,0.337291666666667,0.2715,0.153875,0.291166666666667,0.14925,0.219375,0.5155,0.207333333333333,0.31375,0.424083333333333,0.271208333333333,0.177916666666667,0.362458333333333,0.389541666666667
"2015-10-08",0.146053304904051,0.123897654584222,0.163893390191898,0.278247334754797,0.289313432835821,0.40001066098081,0.424982942430704,0.393115138592751,0.232810234541578,0.136535181236674,0.107420042643923,0.415682302771855,0.289319829424307,0.31562473347548,0.253311300639659,0.37407249466951,0.280609808102345,0.413100213219616,0.380654584221748,0.32256289978678,NA,0.337,0.271317697228145,0.158347547974414,0.295464818763326,0.150660980810235,0.217309168443497,0.51543163538874,0.207415778251599,0.30924946695096,0.424720682302772,0.26565671641791,0.181057569296375,0.367782515991471,0.388953091684435
"2015-10-09",0.148791666666667,0.131,0.169833333333333,0.309,0.311791666666667,0.416666666666667,0.453260869565217,0.418416666666667,0.247916666666667,0.144833333333333,0.109708333333333,0.430333333333333,0.316541666666667,0.334083333333333,0.313291666666667,0.40625,0.319375,0.4305,0.399791666666667,0.348708333333333,NA,0.339125,0.284958333333333,0.186458333333333,0.320583333333333,0.161666666666667,0.225333333333333,0.520083333333333,0.212708333333333,0.3305,0.436583333333333,0.279125,0.214291666666667,0.391458333333333,0.423791666666667
"2015-10-10",0.154208333333333,0.149,0.191208333333333,0.36375,0.328625,0.428208333333333,0.461409090909091,0.44025,0.325083333333333,0.170625,0.113958333333333,0.440166666666667,0.336666666666667,0.385333333333333,0.37375,0.436291666666667,0.361833333333333,0.450166666666667,0.425625,0.396625,NA,0.350083333333333,0.3195,0.249375,0.374,0.19325,0.270416666666667,NA,0.241458333333333,0.382416666666667,0.442083333333333,0.319208333333333,0.263083333333333,0.414625,0.458916666666667
"2015-10-11",0.155,0.16175,0.207875,0.374958333333333,0.326208333333333,0.427041666666667,0.455833333333333,0.440291666666667,0.32025,0.171708333333333,0.114875,0.4395,0.333958333333333,0.386166666666667,0.375708333333333,0.432625,0.360958333333333,0.447166666666667,0.417916666666667,0.392291666666667,NA,0.34875,0.332875,0.25975,0.373,0.197833333333333,0.277708333333333,0.521,0.257083333333333,0.379208333333333,0.440458333333333,0.333666666666667,0.273166666666667,0.409708333333333,0.455791666666667
"2015-10-12",0.156958333333333,0.165291666666667,0.208458333333333,0.394166666666667,0.322708333333333,0.42425,0.453869565217391,0.438166666666667,0.326708333333333,0.174375,0.116416666666667,0.437208333333333,0.331375,0.392958333333333,0.371125,0.429375,0.358333333333333,0.445458333333333,0.41725,0.392166666666667,NA,0.352958333333333,0.335416666666667,0.260208333333333,0.37475,0.201708333333333,0.284583333333333,0.521133333333333,0.267166666666667,0.381541666666667,0.436833333333333,0.325666666666667,0.27125,0.407791666666667,0.455125
"2015-10-13",0.160166666666667,0.191791666666667,0.224375,0.412083333333333,0.334125,0.432291666666667,0.467291666666667,0.44775,0.33125,0.187416666666667,0.127041666666667,0.443166666666667,0.339916666666667,0.400458333333333,0.392333333333333,0.436583333333333,0.372666666666667,0.450375,0.423208333333333,0.396666666666667,NA,0.355041666666667,0.344916666666667,0.276833333333333,0.3825,0.212458333333333,0.2995,0.521,0.279083333333333,0.385125,0.444166666666667,0.343375,0.293875,0.419083333333333,0.46725
"2015-10-14",0.163125,0.203,0.2355,0.421291666666667,0.33525,0.434,0.470166666666667,0.447791666666667,0.329708333333333,0.195166666666667,0.133833333333333,0.441458333333333,0.341416666666667,0.404208333333333,0.393958333333333,0.437625,0.377666666666667,0.449833333333333,0.417916666666667,0.394,NA,0.356041666666667,0.351041666666667,0.276333333333333,0.389166666666667,0.219083333333333,0.305208333333333,0.521,0.289166666666667,0.386916666666667,0.443125,0.355375,0.298083333333333,0.421166666666667,0.472583333333333
"2015-10-15",0.167,0.206916666666667,0.243625,0.422791666666667,0.330875,0.4315,0.467304347826087,0.446041666666667,0.333708333333333,0.197833333333333,0.13525,0.440916666666667,0.340875,0.40375,0.400916666666667,0.436708333333333,0.375375,0.45075,0.418958333333333,0.393458333333333,NA,0.358875,0.362083333333333,0.276125,0.390541666666667,0.230958333333333,0.31175,0.521,0.29525,0.390583333333333,0.439041666666667,0.35775,0.291041666666667,0.422916666666667,0.466608695652174
"2015-10-16",0.166022058823529,0.212330882352941,0.245183823529412,0.421625,0.338044117647059,0.431485294117647,0.470966911764706,0.443930147058824,0.331455882352941,0.199161764705882,0.135786764705882,0.438525735294118,0.339974264705882,0.40225,0.398536764705882,0.434283088235294,0.372102941176471,0.448904411764706,0.413213235294118,0.385970588235294,NA,0.360852941176471,0.369084558823529,0.283393382352941,0.385698529411765,0.232544117647059,0.308227941176471,NA,0.299871323529412,0.390522058823529,0.438158088235294,0.359290441176471,0.289911764705882,0.421709558823529,0.468455882352941
"2015-10-17",0.168708333333333,0.215541666666667,0.252375,0.425291666666667,0.3505,0.433208333333333,0.472833333333333,0.446666666666667,0.331208333333333,0.205291666666667,0.138125,0.436041666666667,0.3445,0.412125,0.403791666666667,0.435416666666667,0.374458333333333,0.449916666666667,0.413083333333333,0.384291666666667,NA,0.36325,0.371041666666667,0.298833333333333,0.389875,0.264916666666667,0.30725,NA,0.30675,0.392208333333333,0.439916666666667,0.365291666666667,0.299,0.425916666666667,0.472666666666667
"2015-10-18",0.163833333333333,0.207541666666667,0.246458333333333,0.417416666666667,0.345708333333333,0.425375,0.461875,0.438208333333333,0.318958333333333,0.196875,0.136583333333333,0.4295,0.335333333333333,0.415,0.389083333333333,0.4295,0.362875,0.4425,0.405375,0.375875,NA,0.362083333333333,0.359208333333333,0.28775,0.384083333333333,0.260458333333333,0.298708333333333,NA,0.303375,0.387583333333333,0.432291666666667,0.351333333333333,0.279166666666667,0.419083333333333,0.460041666666667
"2015-10-19",0.160583333333333,0.205625,0.244958333333333,0.416708333333333,0.34925,0.429083333333333,0.467833333333333,0.439875,0.315625,0.19825,0.136875,0.427458333333333,0.333125,0.410583333333333,0.376708333333333,0.425916666666667,0.356791666666667,0.440625,0.400708333333333,0.369541666666667,NA,0.359916666666667,0.355458333333333,0.291125,0.378125,0.257333333333333,0.29525,0.521166666666667,0.298708333333333,0.386166666666667,0.435458333333333,0.347375,0.27925,0.415916666666667,0.455958333333333
"2015-10-20",0.158041666666667,0.215583333333333,0.245291666666667,0.4165,0.346333333333333,0.426625,0.457958333333333,0.438291666666667,0.311708333333333,0.197083333333333,0.134791666666667,0.427041666666667,0.332875,0.407916666666667,0.37025,0.424541666666667,0.355625,0.438083333333333,0.401291666666667,0.366625,NA,0.363791666666667,0.351083333333333,0.288791666666667,0.375375,0.255083333333333,0.289666666666667,NA,0.293125,0.384458333333333,0.435125,0.338958333333333,0.271333333333333,0.416791666666667,0.453041666666667
"2015-10-21",0.154541666666667,0.216541666666667,0.224791666666667,0.406291666666667,0.331,0.416375,0.437541666666667,0.421541666666667,0.294916666666667,0.179083333333333,0.129333333333333,0.420916666666667,0.318125,0.401375,0.34425,0.414208333333333,0.331958333333333,0.428958333333333,0.391083333333333,0.354375,NA,0.362208333333333,0.335666666666667,0.271666666666667,0.372083333333333,0.2445,0.274875,0.520235294117647,0.275291666666667,0.374583333333333,0.424875,0.313458333333333,0.24075,0.406083333333333,0.438541666666667
"2015-10-22",0.1525,0.203416666666667,0.213166666666667,0.397916666666667,0.320916666666667,0.409375,0.418416666666667,0.40975,0.283416666666667,0.167166666666667,0.12575,0.41675,0.306875,0.395708333333333,0.319833333333333,0.404458333333333,0.310375,0.421791666666667,0.383125,0.344541666666667,NA,0.358833333333333,0.322375,0.260583333333333,0.366083333333333,0.23575,0.262416666666667,0.517333333333333,0.262041666666667,0.364,0.418541666666667,0.298,0.218625,0.398583333333333,0.428208333333333
"2015-10-23",0.151,0.193034965034965,0.204769230769231,0.388874125874126,0.31372027972028,0.403643356643357,0.410398601398601,0.400881118881119,0.273174825174825,0.158685314685315,0.123412587412587,0.414272727272727,0.296783216783217,0.390552447552448,0.296769230769231,0.396944055944056,0.298657342657343,0.416230769230769,0.377132867132867,0.33720979020979,0.521,0.354804195804196,0.311440559440559,0.252867132867133,0.35093006993007,0.227587412587413,0.253657342657343,0.514475524475524,0.252671328671329,0.355223776223776,0.414440559440559,0.28848951048951,0.202538461538462,0.392013986013986,0.420048951048951
"2015-10-24",0.151,0.1865,0.202125,0.382333333333333,0.313958333333333,0.410791666666667,0.434916666666667,0.398458333333333,0.266416666666667,0.157625,0.12375,0.414458333333333,0.292,0.386583333333333,0.282958333333333,0.398083333333333,0.291958333333333,0.414541666666667,0.374375,0.33425,NA,0.353666666666667,0.305291666666667,0.25675,0.350291666666667,0.219458333333333,0.249208333333333,0.512541666666667,0.24675,0.348625,0.427,0.286791666666667,0.194958333333333,0.389875,0.417
"2015-10-25",0.152875,0.203166666666667,0.231625,0.416791666666667,0.34625,0.440208333333333,0.480619047619048,0.436833333333333,0.298,0.191458333333333,0.131708333333333,0.435375,0.333708333333333,0.416583333333333,0.333583333333333,0.427208333333333,0.338291666666667,0.441125,0.403958333333333,0.371166666666667,NA,0.361708333333333,0.330291666666667,0.29775,0.388541666666667,0.242458333333333,0.282,0.513,0.277791666666667,0.367125,0.449125,0.326,0.25075,0.418583333333333,0.4545
"2015-10-26",0.158583333333333,0.229125,0.268125,0.445125,0.368375,0.445625,0.488272727272727,0.457958333333333,0.345125,0.221625,0.137833333333333,0.449375,0.35275,0.439875,0.4075,0.445208333333333,0.390708333333333,0.454625,0.428166666666667,0.398166666666667,NA,0.376375,0.363875,0.315083333333333,0.414666666666667,0.2695,0.311833333333333,NA,0.316833333333333,0.394375,0.449208333333333,0.371416666666667,0.305875,0.436541666666667,0.49025
"2015-10-27",0.159333333333333,0.228,0.259166666666667,0.439625,0.35225,0.432125,0.47325,0.445833333333333,0.330416666666667,0.209208333333333,0.139291666666667,0.437708333333333,0.339083333333333,0.425458333333333,0.392416666666667,0.434625,0.374166666666667,0.44425,0.412041666666667,0.38475,NA,0.376208333333333,0.357458333333333,0.301083333333333,0.403416666666667,0.261833333333333,0.298875,0.521,0.306625,0.388125,0.437291666666667,0.355333333333333,0.279,0.427083333333333,0.461833333333333
"2015-10-28",0.1595,0.240583333333333,0.264,0.4415,0.359791666666667,0.444166666666667,0.485608695652174,0.451,0.328541666666667,0.225083333333333,0.141791666666667,0.443541666666667,0.343375,0.430666666666667,0.395791666666667,0.438458333333333,0.376458333333333,0.44775,0.410083333333333,0.382916666666667,NA,0.376666666666667,0.365708333333333,0.308083333333333,0.40275,0.261041666666667,0.293333333333333,0.520333333333333,0.315041666666667,0.388625,0.448458333333333,0.367666666666667,0.291208333333333,0.4325,0.4715
"2015-10-29",0.159875,0.248,0.274458333333333,0.444083333333333,0.36225,0.438916666666667,0.478166666666667,0.451416666666667,0.329666666666667,0.2285,0.143458333333333,0.441375,0.344458333333333,0.431625,0.399125,0.437166666666667,0.385916666666667,0.447541666666667,0.411708333333333,0.383333333333333,NA,0.378,0.366958333333333,0.308875,0.404416666666667,0.262166666666667,0.296,NA,0.313625,0.389,0.445916666666667,0.380958333333333,0.285625,0.430541666666667,0.473708333333333
"2015-10-30",0.1575,0.239416666666667,0.266916666666667,0.435125,0.350791666666667,0.43625,0.479833333333333,0.44375,0.316083333333333,0.216458333333333,0.140416666666667,0.433375,0.336708333333333,0.424708333333333,0.380125,0.430625,0.374875,0.442791666666667,0.395833333333333,0.367083333333333,NA,0.37925,0.359791666666667,0.301125,0.390041666666667,0.254333333333333,0.27325,NA,0.304791666666667,0.381666666666667,0.442208333333333,0.362416666666667,0.274708333333333,0.425333333333333,0.454083333333333
"2015-10-31",0.156625,0.240291666666667,0.263208333333333,0.438083333333333,0.359,0.440833333333333,0.487291666666667,0.444833333333333,0.312666666666667,0.231833333333333,0.138875,0.431333333333333,0.336541666666667,0.423375,0.37475,0.43125,0.373833333333333,0.447625,0.38775,0.355125,NA,0.377416666666667,0.3605,0.300583333333333,0.387291666666667,0.252708333333333,0.26025,NA,0.302416666666667,0.38225,0.443875,0.352416666666667,0.276541666666667,0.434666666666667,0.471208333333333
"2015-11-01",0.169458333333333,0.28725,0.309208333333333,0.469625,0.387333333333333,0.455791666666667,0.508176470588235,0.467375,0.365,0.282833333333333,0.149666666666667,0.459666666666667,0.366541666666667,0.466782608695652,0.425125,0.4585,0.413083333333333,0.467083333333333,0.447291666666667,0.401958333333333,NA,0.411083333333333,0.4015,0.331583333333333,0.425708333333333,0.294416666666667,0.323083333333333,NA,0.346208333333333,0.409583333333333,0.456541666666667,0.405125,0.339333333333333,0.46525,0.50955
"2015-11-02",0.20475,0.298125,0.320375,0.474541666666667,0.390083333333333,0.457291666666667,0.504333333333333,0.468541666666667,0.372125,0.288416666666667,0.158416666666667,0.45975,0.367666666666667,0.468625,0.430208333333333,0.4585,0.415625,0.4685,0.450625,0.404583333333333,NA,0.4455,0.402541666666667,0.331416666666667,0.429791666666667,0.300208333333333,0.330166666666667,0.522,0.354541666666667,0.413625,0.45575,0.410958333333333,0.339125,0.463333333333333,0.511809523809524
"2015-11-03",0.205791666666667,0.300416666666667,0.320666666666667,0.472333333333333,0.384166666666667,0.453708333333333,0.504714285714286,0.46575,0.367625,0.281625,0.162791666666667,0.45675,0.364416666666667,0.465,0.428166666666667,0.454583333333333,0.412291666666667,0.465166666666667,0.445833333333333,0.3975,NA,0.444083333333333,0.399458333333333,0.325958333333333,0.427583333333333,0.295375,0.324291666666667,NA,0.351916666666667,0.411166666666667,0.453791666666667,0.413416666666667,0.331625,0.458333333333333,0.506625
"2015-11-04",0.198291666666667,0.296583333333333,0.32475,0.471416666666667,0.383791666666667,0.455,0.508473684210526,0.466208333333333,0.359958333333333,0.281333333333333,0.167333333333333,0.449041666666667,0.364875,0.464833333333333,0.426083333333333,0.452291666666667,0.40975,0.462666666666667,0.443166666666667,0.389916666666667,NA,0.4385,0.399041666666667,0.323916666666667,0.422958333333333,0.28775,0.313583333333333,NA,0.352625,0.408208333333333,0.456375,0.41575,0.334958333333333,0.4575,0.500625
"2015-11-05",0.199583333333333,0.300291666666667,0.324958333333333,0.469875,0.379416666666667,0.450166666666667,0.5006,0.463458333333333,0.355083333333333,0.27375,0.169416666666667,0.447625,0.361125,0.46125,0.419666666666667,0.448333333333333,0.406458333333333,0.461833333333333,0.433166666666667,0.384083333333333,NA,0.436958333333333,0.392208333333333,0.322166666666667,0.421666666666667,0.28425,0.308208333333333,NA,0.347458333333333,0.405708333333333,0.450125,0.40675,0.324791666666667,0.455,0.496833333333333
"2015-11-06",0.234166666666667,0.31825,0.341625,0.475083333333333,0.389,0.456625,0.508727272727273,0.469791666666667,0.377916666666667,0.288583333333333,0.176666666666667,0.455916666666667,0.36875,0.470125,0.430708333333333,0.456333333333333,0.417291666666667,0.471208333333333,0.452583333333333,0.393666666666667,NA,0.443625,0.403708333333333,0.330125,0.434458333333333,0.299208333333333,0.325833333333333,NA,0.362416666666667,0.41425,0.454666666666667,0.414625,0.342458333333333,0.460333333333333,0.504375
"2015-11-07",0.248666666666667,0.345416666666667,0.352291666666667,0.481416666666667,0.397708333333333,0.46325,0.511416666666667,0.475833333333333,0.384041666666667,0.298958333333333,0.19075,0.464666666666667,0.376166666666667,0.473375,0.4395,0.462291666666667,0.424583333333333,0.4785,0.456208333333333,0.400375,NA,0.448375,0.414916666666667,0.338291666666667,0.440166666666667,0.31,0.334333333333333,NA,0.369958333333333,0.419291666666667,0.46125,0.420083333333333,0.352333333333333,0.466041666666667,0.510842105263158
"2015-11-08",0.236583333333333,0.35175,0.352416666666667,0.477375,0.3835,0.454791666666667,0.508789473684211,0.468208333333333,0.366541666666667,0.285041666666667,0.201416666666667,0.454125,0.367208333333333,0.466291666666667,0.430375,0.453833333333333,0.413958333333333,0.47275,0.440875,0.392416666666667,NA,0.446208333333333,0.403041666666667,0.327166666666667,0.433458333333333,0.30175,0.324208333333333,NA,0.361875,0.414375,0.45425,0.409916666666667,0.334666666666667,0.454666666666667,0.51835
"2015-11-09",0.213791666666667,0.336791666666667,0.337958333333333,0.469083333333333,0.367791666666667,0.446291666666667,0.499863636363636,0.456083333333333,0.348041666666667,0.266875,0.197916666666667,0.442333333333333,0.356166666666667,0.460125,0.413625,0.44725,0.39975,0.462708333333333,0.425625,0.379125,NA,0.43925,0.38625,0.313083333333333,0.421666666666667,0.286583333333333,0.30075,NA,0.347375,0.407541666666667,0.445083333333333,0.395416666666667,0.308375,0.445666666666667,0.51305
"2015-11-10",0.2205,0.340958333333333,0.353333333333333,0.478791666666667,0.391208333333333,0.459458333333333,0.512052631578947,0.4695,0.366708333333333,0.288333333333333,0.203666666666667,0.458,0.368625,0.473541666666667,0.433916666666667,0.463583333333333,0.417875,0.475583333333333,0.45475,0.39075,NA,0.441166666666667,0.40925,0.330583333333333,0.437666666666667,0.301416666666667,0.321375,NA,0.364583333333333,0.41675,0.458375,0.412833333333333,0.338666666666667,0.458,NA
"2015-11-11",0.205041666666667,0.334,0.33825,0.468375,0.366875,0.443458333333333,0.500041666666667,0.455458333333333,0.346416666666667,0.265875,0.209333333333333,0.440708333333333,0.353666666666667,0.464666666666667,0.417958333333333,0.452083333333333,0.398541666666667,0.46275,0.424791666666667,0.378291666666667,NA,0.439083333333333,0.391166666666667,0.311833333333333,0.424291666666667,0.289041666666667,0.304125,NA,0.34625,0.407833333333333,0.445583333333333,0.395833333333333,0.304333333333333,0.443208333333333,0.513818181818182
"2015-11-12",0.192791666666667,0.325833333333333,0.322333333333333,0.460541666666667,0.354125,0.438208333333333,0.488083333333333,0.445708333333333,0.330041666666667,0.2485,0.201333333333333,0.4325,0.343541666666667,0.464625,0.401583333333333,0.444791666666667,0.384125,0.453916666666667,0.413083333333333,0.368208333333333,NA,0.433291666666667,0.377916666666667,0.301625,0.415791666666667,0.277875,0.286666666666667,NA,0.334083333333333,0.400291666666667,0.438041666666667,0.381458333333333,0.282916666666667,0.436208333333333,0.487916666666667
"2015-11-13",0.190083333333333,0.323416666666667,0.329013888888889,0.463263888888889,0.369041666666667,0.452722222222222,0.501083333333333,0.454138888888889,0.327555555555556,0.255652777777778,0.196347222222222,0.436916666666667,0.350375,0.470861111111111,0.401777777777778,0.450444444444444,0.383375,0.454347222222222,0.413069444444444,0.366097222222222,NA,0.42875,0.389222222222222,0.308180555555556,0.418666666666667,0.275902777777778,0.278819444444444,0.5205,0.344805555555556,0.396291666666667,0.449527777777778,0.396027777777778,0.295305555555556,0.438472222222222,0.483916666666667
"2015-11-14",0.18625,0.333333333333333,0.339458333333333,0.4685,0.376666666666667,0.452875,0.504045454545455,0.460875,0.328916666666667,0.267833333333333,0.191291666666667,0.444625,0.356791666666667,0.473208333333333,0.407083333333333,0.454333333333333,0.395791666666667,0.459083333333333,0.42875,0.368041666666667,NA,0.426,0.393,0.316458333333333,0.424125,0.276333333333333,0.273625,NA,0.352166666666667,0.400916666666667,0.4535,0.401208333333333,0.305125,0.446583333333333,0.487291666666667
"2015-11-15",0.190708333333333,0.331125,0.34275,0.469833333333333,0.37375,0.453,0.502909090909091,0.461333333333333,0.335541666666667,0.270083333333333,0.188,0.445708333333333,0.360583333333333,0.47375,0.415041666666667,0.458416666666667,0.401375,0.4665,0.43675,0.377,NA,0.425208333333333,0.392083333333333,0.318375,0.42975,0.282708333333333,0.290416666666667,NA,0.351958333333333,0.406791666666667,0.450291666666667,0.398333333333333,0.312625,0.448416666666667,0.493391304347826
"2015-11-16",0.203208333333333,0.342416666666667,0.364291666666667,0.476916666666667,0.38975,0.462041666666667,0.5055,0.47,0.365291666666667,0.293291666666667,0.198375,0.46,0.374625,0.482541666666667,0.440125,0.470208333333333,0.417041666666667,0.479833333333333,0.456208333333333,0.398208333333333,NA,0.43225,0.410166666666667,0.33075,0.442833333333333,0.302333333333333,0.319166666666667,0.521230769230769,0.36725,0.419291666666667,0.458166666666667,0.415875,0.339166666666667,0.459625,0.517071428571429
"2015-11-17",0.223041666666667,0.354083333333333,0.366583333333333,0.48,0.385625,0.461875,0.510952380952381,0.470958333333333,0.37325,0.300333333333333,0.226333333333333,0.462375,0.376875,0.485083333333333,0.441625,0.470291666666667,0.417291666666667,0.481583333333333,0.460958333333333,0.401541666666667,NA,0.446333333333333,0.409875,0.332375,0.446875,0.313583333333333,0.326583333333333,NA,0.371916666666667,0.427583333333333,0.458916666666667,0.415958333333333,0.34125,0.458875,0.51875
"2015-11-18",0.216583333333333,0.353541666666667,0.369666666666667,0.475166666666667,0.389,0.4605,0.509523809523809,0.468958333333333,0.360875,0.294833333333333,0.237708333333333,0.457291666666667,0.371416666666667,0.482833333333333,0.437125,0.4675,0.4145,0.478916666666667,0.455791666666667,0.393,NA,0.443666666666667,0.404166666666667,0.32825,0.443916666666667,0.303125,0.31075,NA,0.366833333333333,0.424916666666667,0.458166666666667,0.413833333333333,0.337083333333333,0.455,0.519909090909091
"2015-11-19",0.208416666666667,0.348875,0.360125,0.46925,0.385166666666667,0.458875,0.509826086956522,0.463458333333333,0.346875,0.284125,0.243041666666667,0.444833333333333,0.362958333333333,0.480166666666667,0.428041666666667,0.460875,0.402666666666667,0.472666666666667,0.43225,0.382166666666667,NA,0.439541666666667,0.396541666666667,0.317291666666667,0.435,0.292791666666667,0.298166666666667,NA,0.356375,0.420541666666667,0.454125,0.404708333333333,0.318666666666667,0.446083333333333,0.506652173913044
"2015-11-20",0.217,0.359541666666667,0.361666666666667,0.479166666666667,0.397708333333333,0.460916666666667,0.50635,0.468708333333333,0.3675,0.299208333333333,0.258166666666667,0.460333333333333,0.377458333333333,0.49075,0.439458333333333,0.469375,0.413916666666667,0.481583333333333,0.456458333333333,0.400416666666667,NA,0.447083333333333,0.406083333333333,0.328791666666667,0.446916666666667,0.312541666666667,0.322666666666667,NA,0.367166666666667,0.429166666666667,0.457166666666667,0.412625,0.335833333333333,0.457625,0.517411764705882
"2015-11-21",0.211208333333333,0.34875,0.349625,0.477958333333333,0.39375,0.459208333333333,0.50435,0.465083333333333,0.354291666666667,0.2905,0.248125,0.453666666666667,0.371875,0.484125,0.431833333333333,0.465125,0.39925,0.472625,0.448291666666667,0.387291666666667,NA,0.440166666666667,0.404416666666667,0.320458333333333,0.436125,0.300125,0.303916666666667,0.521,0.355041666666667,0.4245,0.454458333333333,0.407041666666667,0.328958333333333,0.449875,0.5069375
"2015-11-22",0.20925,0.348541666666667,0.343833333333333,0.478791666666667,0.388333333333333,0.456625,0.504875,0.463666666666667,0.35125,0.29125,0.248416666666667,0.449958333333333,0.36875,0.484916666666667,0.43375,0.464166666666667,0.402875,0.473583333333333,0.445375,0.384,NA,0.437916666666667,0.403583333333333,0.321958333333333,0.436666666666667,0.297208333333333,0.298875,NA,0.356375,0.423041666666667,0.453541666666667,0.405166666666667,0.326625,0.449416666666667,0.517958333333333
"2015-11-23",0.199958333333333,0.346291666666667,0.329541666666667,0.47275,0.378458333333333,0.448875,0.49775,0.453625,0.338,0.274333333333333,0.243,0.438708333333333,0.357958333333333,0.478583333333333,0.420333333333333,0.456166666666667,0.391583333333333,0.467583333333333,0.429541666666667,0.376166666666667,NA,0.434875,0.391125,0.311875,0.430625,0.288041666666667,0.288875,0.520636363636364,0.344,0.417,0.444083333333333,0.390833333333333,0.305666666666667,0.441583333333333,0.501166666666667
"2015-11-24",0.192291666666667,0.338541666666667,0.317291666666667,0.467333333333333,0.372208333333333,0.444375,0.492625,0.444916666666667,0.32775,0.262958333333333,0.235041666666667,0.4335,0.35075,0.4745,0.408541666666667,0.450416666666667,0.380166666666667,0.462125,0.422583333333333,0.37125,0.520384615384615,0.429208333333333,0.381,0.304791666666667,0.424916666666667,0.281625,0.279291666666667,0.517833333333333,0.333041666666667,0.41125,0.438541666666667,0.38025,0.290958333333333,0.436166666666667,0.477666666666667
"2015-11-25",0.184166666666667,0.32875,0.301458333333333,0.461458333333333,0.365875,0.440333333333333,0.484958333333333,0.437416666666667,0.317875,0.252833333333333,0.224666666666667,0.429916666666667,0.343958333333333,0.47275,0.396833333333333,0.443625,0.366375,0.456791666666667,0.416791666666667,0.365916666666667,0.517083333333333,0.422666666666667,0.375083333333333,0.298291666666667,0.418875,0.275333333333333,0.270416666666667,0.514875,0.320833333333333,0.405291666666667,0.4335,0.370541666666667,0.276625,0.431,0.469458333333333
"2015-11-26",0.17975,0.3235,0.279666666666667,0.456708333333333,0.36,0.43675,0.4785,0.429416666666667,0.308875,0.245,0.21725,0.427208333333333,0.341875,0.470291666666667,0.387333333333333,0.438791666666667,0.357541666666667,0.45275,0.412791666666667,0.361833333333333,0.515083333333333,0.416083333333333,0.369708333333333,0.292208333333333,0.4135,0.270875,0.26275,0.513166666666667,0.311,0.39975,0.429625,0.363083333333333,0.263583333333333,0.427875,0.462625
"2015-11-27",0.176,0.313791666666667,0.262625,0.449958333333333,0.354583333333333,0.4325,0.478041666666667,0.418125,0.304333333333333,0.236708333333333,0.206875,0.424458333333333,0.340166666666667,0.468041666666667,0.375875,0.436916666666667,0.347333333333333,0.448583333333333,0.409458333333333,0.35775,0.515333333333333,0.408833333333333,0.363958333333333,0.286291666666667,0.40775,0.265958333333333,0.255416666666667,0.511916666666667,0.303958333333333,0.395291666666667,0.426083333333333,0.355791666666667,0.24825,0.424708333333333,0.454833333333333
"2015-11-28",0.177791666666667,0.333666666666667,0.280916666666667,0.463958333333333,0.381,0.449125,0.483764705882353,0.441,0.319375,0.259833333333333,0.211875,0.446291666666667,0.37325,0.474818181818182,0.395041666666667,0.455916666666667,0.374,0.464291666666667,0.435833333333333,0.37925,0.516,0.410375,0.387333333333333,0.3095,0.423125,0.286958333333333,0.29125,0.511,0.328791666666667,0.412083333333333,0.4435,0.381666666666667,0.289875,0.445833333333333,0.4727
"2015-11-29",0.212208333333333,0.374583333333333,0.331833333333333,0.490791666666667,0.413875,0.470458333333333,0.512833333333333,0.476791666666667,0.380958333333333,0.316916666666667,0.278,0.47625,0.405958333333333,0.491173913043478,0.452583333333333,0.480291666666667,0.428458333333333,0.489833333333333,0.474875,0.4115,NA,0.450833333333333,0.425916666666667,0.341,0.4595,0.325375,0.338166666666667,NA,0.377875,0.436208333333333,0.46775,0.42725,0.361,0.465583333333333,0.516
"2015-11-30",0.210208333333333,0.358625,0.308208333333333,0.47875,0.388291666666667,0.45625,0.5095,0.462125,0.3575,0.289666666666667,0.264416666666667,0.455208333333333,0.386125,0.482416666666667,0.432416666666667,0.464291666666667,0.403333333333333,0.4755,0.451791666666667,0.390666666666667,0.521,0.441708333333333,0.399541666666667,0.319541666666667,0.443625,0.301041666666667,0.31075,0.5215,0.352583333333333,0.423791666666667,0.452,0.400791666666667,0.3185,0.447458333333333,0.5075
"2015-12-01",0.211416666666667,0.361666666666667,0.326041666666667,0.485666666666667,0.40775,0.46725,0.514,0.473708333333333,0.359666666666667,0.303458333333333,0.264875,0.464916666666667,0.399666666666667,0.4885,0.445416666666667,0.474166666666667,0.412375,0.484166666666667,0.466625,0.395,0.520133333333333,0.440875,0.415208333333333,0.332083333333333,0.450583333333333,0.30675,0.315041666666667,NA,0.367458333333333,0.4305,0.462541666666667,0.4175,0.346916666666667,0.461416666666667,0.510052631578947
"2015-12-02",0.235833333333333,0.376166666666667,0.329875,0.494458333333333,0.405833333333333,0.46625,0.516625,0.47475,0.376458333333333,0.313541666666667,0.2865,0.471166666666667,0.403125,0.491125,0.450041666666667,0.476833333333333,0.419708333333333,0.4865,0.469833333333333,0.406708333333333,0.519210526315789,0.451,0.419708333333333,0.335958333333333,0.456666666666667,0.321416666666667,0.334833333333333,NA,0.375,0.433625,0.461,0.417875,0.3505,0.459791666666667,0.515190476190476
"2015-12-03",0.222,0.362875,0.31125,0.485166666666667,0.387875,0.456208333333333,0.514625,0.462583333333333,0.355208333333333,0.293166666666667,0.269916666666667,0.450458333333333,0.393708333333333,0.485958333333333,0.43275,0.465416666666667,0.400625,0.473291666666667,0.445041666666667,0.387833333333333,0.518333333333333,0.444875,0.402333333333333,0.3195,0.440208333333333,0.3,0.308,0.522,0.355208333333333,0.423416666666667,0.450708333333333,0.398583333333333,0.317416666666667,0.446083333333333,0.509791666666667
"2015-12-04",0.215083333333333,0.362958333333333,0.312083333333333,0.482958333333333,0.403791666666667,0.459583333333333,0.512058823529412,0.462791666666667,0.346,0.291625,0.261791666666667,0.453916666666667,0.395041666666667,0.487625,0.431708333333333,0.46725,0.399291666666667,0.472,0.446041666666667,0.386041666666667,0.517263157894737,0.439125,0.405166666666667,0.321,0.441041666666667,0.297291666666667,0.29675,0.521764705882353,0.35775,0.421166666666667,0.451625,0.398875,0.321083333333333,0.448458333333333,0.496333333333333
"2015-12-05",0.238875,0.378041666666667,0.343625,0.49825,0.431833333333333,0.473958333333333,0.520666666666667,0.480875,0.377791666666667,0.323791666666667,0.288041666666667,0.477916666666667,0.412625,0.496541666666667,0.457916666666667,0.48325,0.427583333333333,0.489916666666667,0.477791666666667,0.409416666666667,0.5191,0.446541666666667,0.432375,0.341041666666667,0.461291666666667,0.326125,0.336333333333333,NA,0.385458333333333,0.437958333333333,0.468208333333333,0.430833333333333,0.363583333333333,0.467083333333333,0.515894736842105
"2015-12-06",0.23925,0.371541666666667,0.336583333333333,0.494666666666667,0.42575,0.468291666666667,0.518384615384615,0.475083333333333,0.374125,0.313416666666667,0.28675,0.463458333333333,0.401541666666667,0.48975,0.445541666666667,0.475958333333333,0.417208333333333,0.48375,0.4655,0.39925,0.519227272727273,0.448208333333333,0.423416666666667,0.329666666666667,0.453958333333333,0.316791666666667,0.328041666666667,NA,0.373458333333333,0.434791666666667,0.4605,0.424458333333333,0.348916666666667,0.457,0.516041666666667
"2015-12-07",0.259041666666667,0.382416666666667,0.348041666666667,0.501875,0.437916666666667,0.47725,NA,0.484791666666667,0.385083333333333,0.331166666666667,0.300125,0.476041666666667,0.404583333333333,0.478375,0.474291666666667,0.482791666666667,0.428291666666667,0.49125,0.478125,0.408208333333333,0.518875,0.454458333333333,0.40025,0.34375,0.46575,0.3295,0.339208333333333,NA,0.385583333333333,0.439875,0.468,0.431166666666667,0.36775,0.467666666666667,0.517461538461539
"2015-12-08",0.271958333333333,0.38125,0.344875,0.499791666666667,0.430375,0.472958333333333,NA,0.482875,0.380666666666667,0.324875,0.3005,0.469041666666667,0.400083333333333,0.461625,0.474291666666667,0.478958333333333,0.424166666666667,0.488541666666667,0.469041666666667,0.404666666666667,0.5185,0.45325,0.350166666666667,0.341333333333333,0.467541666666667,0.324166666666667,0.334416666666667,NA,0.3835,0.435625,0.464791666666667,0.412541666666667,0.358416666666667,0.46325,0.516647058823529
"2015-12-09",0.265541666666667,0.372041666666667,0.340458333333333,0.494916666666667,0.416166666666667,0.462791666666667,0.521,0.473833333333333,0.368666666666667,0.30975,0.291708333333333,0.452291666666667,0.388916666666667,0.447875,0.465083333333333,0.469583333333333,0.410958333333333,0.478666666666667,0.451833333333333,0.392458333333333,0.516416666666667,0.449916666666667,0.333541666666667,0.326541666666667,0.459125,0.308833333333333,0.317458333333333,NA,0.374083333333333,0.427625,0.452875,0.402125,0.336208333333333,0.451291666666667,0.513875
"2015-12-10",0.245833333333333,0.362583333333333,0.323375,0.488583333333333,0.405625,0.456125,0.521368421052632,0.4655,0.355125,0.292625,0.278875,0.444458333333333,0.378625,0.442458333333333,0.454791666666667,0.462916666666667,0.398541666666667,0.47075,0.438791666666667,0.381708333333333,0.515833333333333,0.444125,0.323833333333333,0.318125,0.450125,0.296583333333333,0.300083333333333,NA,0.360958333333333,0.419541666666667,0.444541666666667,0.392375,0.31675,0.444916666666667,0.496625
"2015-12-11",0.230708333333333,0.354541666666667,0.315125,0.483666666666667,0.399208333333333,0.451833333333333,0.519208333333333,0.457625,0.343916666666667,0.281,0.268291666666667,0.439958333333333,0.371291666666667,0.439625,0.450375,0.457416666666667,0.387875,0.4645,0.431625,0.375291666666667,0.516,0.438666666666667,0.317208333333333,0.312916666666667,0.44525,0.289,0.288625,0.521136363636364,0.353041666666667,0.413083333333333,0.439541666666667,0.385041666666667,0.30425,0.440041666666667,0.47825
"2015-12-12",0.218458333333333,0.346916666666667,0.311625,0.477958333333333,0.393458333333333,0.44875,0.515619047619048,0.448083333333333,0.333708333333333,0.272458333333333,0.257833333333333,0.436416666666667,0.364,0.437791666666667,0.444916666666667,0.452958333333333,0.377166666666667,0.458916666666667,0.427041666666667,0.37,0.515541666666667,0.43225,0.3105,0.307833333333333,0.44,0.283041666666667,0.279875,0.518375,0.344833333333333,0.407666666666667,0.43575,0.37875,0.290583333333333,0.435583333333333,0.470083333333333
"2015-12-13",0.208416666666667,0.340583333333333,0.304958333333333,0.472041666666667,0.3915,0.450083333333333,0.519357142857143,0.4415,0.326166666666667,0.270541666666667,0.2485,0.433666666666667,0.359166666666667,0.436291666666667,0.4395,0.450875,0.370416666666667,0.457958333333333,0.424791666666667,0.365333333333333,0.515916666666667,0.426875,0.307083333333333,0.304916666666667,0.437625,0.278666666666667,0.274083333333333,0.517083333333333,0.341,0.402833333333333,0.437541666666667,0.37425,0.280625,0.432333333333333,0.46575
"2015-12-14",0.199583333333333,0.331833333333333,0.292166666666667,0.465291666666667,0.389166666666667,0.448833333333333,0.5198125,0.435833333333333,0.320458333333333,0.269875,0.239166666666667,0.432583333333333,0.355875,0.436583333333333,0.43325,0.449958333333333,0.364541666666667,0.455416666666667,0.422333333333333,0.361833333333333,0.515416666666667,0.422625,0.306083333333333,0.302166666666667,0.434875,0.274541666666667,0.268083333333333,0.517333333333333,0.33775,0.397833333333333,0.437208333333333,0.369708333333333,0.269083333333333,0.429833333333333,0.462375
"2015-12-15",0.191958333333333,0.315875,0.279166666666667,0.458125,0.384458333333333,0.445875,0.517791666666667,0.428125,0.315083333333333,0.263666666666667,0.226625,0.431,0.350416666666667,0.434666666666667,0.424625,0.444333333333333,0.356083333333333,0.452916666666667,0.418791666666667,0.357666666666667,0.514375,0.417291666666667,0.301083333333333,0.297,0.432208333333333,0.269333333333333,0.260166666666667,0.516625,0.332083333333333,0.392833333333333,0.433666666666667,0.364375,0.254083333333333,0.4265,0.457583333333333
"2015-12-16",0.18475,0.296041666666667,0.273333333333333,0.446916666666667,0.378541666666667,0.446458333333333,0.51845,0.419541666666667,0.307875,0.258375,0.213083333333333,0.428708333333333,0.3435,0.433375,0.415333333333333,0.440208333333333,0.347041666666667,0.448625,0.416041666666667,0.35325,0.514625,0.411,0.293833333333333,0.293541666666667,0.428833333333333,0.263666666666667,0.254208333333333,0.516416666666667,0.332875,0.387125,0.43725,0.359,0.241708333333333,0.422166666666667,0.452458333333333
"2015-12-17",0.179916666666667,0.27725,0.26125,0.437875,0.372083333333333,0.4425,0.517434782608696,0.411875,0.3015,0.250375,0.200458333333333,0.426208333333333,0.335458333333333,0.431833333333333,0.405291666666667,0.434583333333333,0.337666666666667,0.445458333333333,0.412791666666667,0.34875,0.513666666666667,0.405041666666667,0.286208333333333,0.288375,0.422916666666667,0.258041666666667,0.248791666666667,0.516041666666667,0.321708333333333,0.381416666666667,0.432125,0.353416666666667,0.229291666666667,0.419833333333333,0.447
"2015-12-18",0.176,0.266181818181818,0.257181818181818,0.430363636363636,0.373272727272727,0.442,0.521,0.407090909090909,0.296363636363636,0.249909090909091,0.193,0.422909090909091,0.331454545454545,0.431,0.397818181818182,0.433363636363636,0.330909090909091,0.442,0.411181818181818,0.346,0.516,0.400636363636364,0.283545454545455,0.282363636363636,0.419636363636364,0.254636363636364,0.245818181818182,0.516818181818182,0.322454545454545,0.377545454545455,0.429818181818182,0.349363636363636,0.225,0.428,0.443909090909091
