day,drought period,CO2-e CO2 cumulative kg per ha - actual,CO2-e CH4 cumulative kg per ha - actual,CO2-e total cumulative kg per ha - actual,CO2-e CO2 cumulative kg per ha - baseline,CO2-e CH4 cumulative kg per ha - baseline,CO2-e total cumulative kg per ha - baseline,"CO2-e CO2 cumulative kg per ha - actual, high","CO2-e CH4 cumulative kg per ha - actual, high","CO2-e total cumulative kg per ha - actual, high","CO2-e CO2 cumulative kg per ha - baseline, high","CO2-e CH4 cumulative kg per ha - baseline, high","CO2-e total cumulative kg per ha - baseline, high","CO2-e CO2 cumulative kg per ha - actual, low","CO2-e CH4 cumulative kg per ha - actual, low","CO2-e total cumulative kg per ha - actual, low","CO2-e CO2 cumulative kg per ha - baseline, low","CO2-e CH4 cumulative kg per ha - baseline, low","CO2-e total cumulative kg per ha - baseline, low"
1,pre-drought,29.88427582,1102.849397,1132.733673,29.88427582,1102.849397,1132.733673,52.4969901,3186.799853,3239.296843,52.4969901,3186.799853,3239.296843,7.271561539,-981.1010587,-973.8294972,7.271561539,-981.1010587,-973.8294972
2,pre-drought,59.76855164,2205.698794,2265.467346,59.76855164,2205.698794,2265.467346,104.9939802,6373.599706,6478.593687,104.9939802,6373.599706,6478.593687,14.54312308,-1962.202117,-1947.658994,14.54312308,-1962.202117,-1947.658994
3,pre-drought,89.65282746,3308.548192,3398.201019,89.65282746,3308.548192,3398.201019,157.4909703,9560.39956,9717.89053,157.4909703,9560.39956,9717.89053,21.81468462,-2943.303176,-2921.488492,21.81468462,-2943.303176,-2921.488492
4,pre-drought,119.5371033,4411.397589,4530.934692,119.5371033,4411.397589,4530.934692,209.9879604,12747.19941,12957.18737,209.9879604,12747.19941,12957.18737,29.08624616,-3924.404235,-3895.317989,29.08624616,-3924.404235,-3895.317989
5,pre-drought,149.4213791,5514.246986,5663.668365,149.4213791,5514.246986,5663.668365,262.4849505,15933.99927,16196.48422,262.4849505,15933.99927,16196.48422,36.35780769,-4905.505294,-4869.147486,36.35780769,-4905.505294,-4869.147486
6,pre-drought,179.3056549,6617.096383,6796.402038,179.3056549,6617.096383,6796.402038,314.9819406,19120.79912,19435.78106,314.9819406,19120.79912,19435.78106,43.62936923,-5886.606352,-5842.976983,43.62936923,-5886.606352,-5842.976983
7,pre-drought,209.1899307,7719.945781,7929.135711,209.1899307,7719.945781,7929.135711,367.4789307,22307.59897,22675.0779,367.4789307,22307.59897,22675.0779,50.90093077,-6867.707411,-6816.80648,50.90093077,-6867.707411,-6816.80648
8,pre-drought,239.0742066,8822.795178,9061.869385,239.0742066,8822.795178,9061.869385,419.9759208,25494.39883,25914.37475,419.9759208,25494.39883,25914.37475,58.17249231,-7848.80847,-7790.635978,58.17249231,-7848.80847,-7790.635978
9,pre-drought,268.9584824,9925.644575,10194.60306,268.9584824,9925.644575,10194.60306,472.4729109,28681.19868,29153.67159,472.4729109,28681.19868,29153.67159,65.44405385,-8829.909529,-8764.465475,65.44405385,-8829.909529,-8764.465475
10,pre-drought,298.8427582,11028.49397,11327.33673,298.8427582,11028.49397,11327.33673,524.969901,31867.99853,32392.96843,524.969901,31867.99853,32392.96843,72.71561539,-9811.010587,-9738.294972,72.71561539,-9811.010587,-9738.294972
11,pre-drought,328.727034,12131.34337,12460.0704,328.727034,12131.34337,12460.0704,577.4668911,35054.79839,35632.26528,577.4668911,35054.79839,35632.26528,79.98717693,-10792.11165,-10712.12447,79.98717693,-10792.11165,-10712.12447
12,pre-drought,358.6113098,13234.19277,13592.80408,358.6113098,13234.19277,13592.80408,629.9638812,38241.59824,38871.56212,629.9638812,38241.59824,38871.56212,87.25873847,-11773.2127,-11685.95397,87.25873847,-11773.2127,-11685.95397
13,pre-drought,388.4955857,14337.04216,14725.53775,388.4955857,14337.04216,14725.53775,682.4608713,41428.39809,42110.85896,682.4608713,41428.39809,42110.85896,94.53030001,-12754.31376,-12659.78346,94.53030001,-12754.31376,-12659.78346
14,pre-drought,418.3798615,15439.89156,15858.27142,418.3798615,15439.89156,15858.27142,734.9578614,44615.19795,45350.15581,734.9578614,44615.19795,45350.15581,101.8018615,-13735.41482,-13633.61296,101.8018615,-13735.41482,-13633.61296
15,pre-drought,448.2641373,16542.74096,16991.0051,448.2641373,16542.74096,16991.0051,787.4548515,47801.9978,48589.45265,787.4548515,47801.9978,48589.45265,109.0734231,-14716.51588,-14607.44246,109.0734231,-14716.51588,-14607.44246
16,pre-drought,478.1484131,17645.59036,18123.73877,478.1484131,17645.59036,18123.73877,839.9518416,50988.79765,51828.74949,839.9518416,50988.79765,51828.74949,116.3449846,-15697.61694,-15581.27196,116.3449846,-15697.61694,-15581.27196
17,pre-drought,508.032689,18748.43975,19256.47244,508.032689,18748.43975,19256.47244,892.4488317,54175.5975,55068.04634,892.4488317,54175.5975,55068.04634,123.6165462,-16678.718,-16555.10145,123.6165462,-16678.718,-16555.10145
18,pre-drought,537.9169648,19851.28915,20389.20612,537.9169648,19851.28915,20389.20612,944.9458218,57362.39736,58307.34318,944.9458218,57362.39736,58307.34318,130.8881077,-17659.81906,-17528.93095,130.8881077,-17659.81906,-17528.93095
19,pre-drought,567.8012406,20954.13855,21521.93979,567.8012406,20954.13855,21521.93979,997.4428119,60549.19721,61546.64002,997.4428119,60549.19721,61546.64002,138.1596692,-18640.92012,-18502.76045,138.1596692,-18640.92012,-18502.76045
20,pre-drought,597.6855164,22056.98794,22654.67346,597.6855164,22056.98794,22654.67346,1049.939802,63735.99706,64785.93687,1049.939802,63735.99706,64785.93687,145.4312308,-19622.02117,-19476.58994,145.4312308,-19622.02117,-19476.58994
21,pre-drought,627.5697922,23159.83734,23787.40713,627.5697922,23159.83734,23787.40713,1102.436792,66922.79692,68025.23371,1102.436792,66922.79692,68025.23371,152.7027923,-20603.12223,-20450.41944,152.7027923,-20603.12223,-20450.41944
22,pre-drought,657.4540681,24262.68674,24920.14081,657.4540681,24262.68674,24920.14081,1154.933782,70109.59677,71264.53055,1154.933782,70109.59677,71264.53055,159.9743539,-21584.22329,-21424.24894,159.9743539,-21584.22329,-21424.24894
23,pre-drought,687.3383439,25365.53614,26052.87448,687.3383439,25365.53614,26052.87448,1207.430772,73296.39662,74503.8274,1207.430772,73296.39662,74503.8274,167.2459154,-22565.32435,-22398.07844,167.2459154,-22565.32435,-22398.07844
24,pre-drought,717.2226197,26468.38553,27185.60815,717.2226197,26468.38553,27185.60815,1259.927762,76483.19648,77743.12424,1259.927762,76483.19648,77743.12424,174.5174769,-23546.42541,-23371.90793,174.5174769,-23546.42541,-23371.90793
25,pre-drought,747.1068955,27571.23493,28318.34183,747.1068955,27571.23493,28318.34183,1312.424753,79669.99633,80982.42108,1312.424753,79669.99633,80982.42108,181.7890385,-24527.52647,-24345.73743,181.7890385,-24527.52647,-24345.73743
26,pre-drought,776.9911713,28674.08433,29451.0755,776.9911713,28674.08433,29451.0755,1364.921743,82856.79618,84221.71793,1364.921743,82856.79618,84221.71793,189.0606,-25508.62753,-25319.56693,189.0606,-25508.62753,-25319.56693
27,pre-drought,806.8754472,29776.93373,30583.80917,806.8754472,29776.93373,30583.80917,1417.418733,86043.59604,87461.01477,1417.418733,86043.59604,87461.01477,196.3321616,-26489.72859,-26293.39642,196.3321616,-26489.72859,-26293.39642
28,pre-drought,836.759723,30879.78312,31716.54285,836.759723,30879.78312,31716.54285,1469.915723,89230.39589,90700.31161,1469.915723,89230.39589,90700.31161,203.6037231,-27470.82964,-27267.22592,203.6037231,-27470.82964,-27267.22592
29,pre-drought,866.6439988,31982.63252,32849.27652,866.6439988,31982.63252,32849.27652,1522.412713,92417.19574,93939.60846,1522.412713,92417.19574,93939.60846,210.8752846,-28451.9307,-28241.05542,210.8752846,-28451.9307,-28241.05542
30,pre-drought,896.5282746,33085.48192,33982.01019,896.5282746,33085.48192,33982.01019,1574.909703,95603.9956,97178.9053,1574.909703,95603.9956,97178.9053,218.1468462,-29433.03176,-29214.88492,218.1468462,-29433.03176,-29214.88492
31,pre-drought,926.4125504,34188.33131,35114.74386,926.4125504,34188.33131,35114.74386,1627.406693,98790.79545,100418.2021,1627.406693,98790.79545,100418.2021,225.4184077,-30414.13282,-30188.71441,225.4184077,-30414.13282,-30188.71441
32,pre-drought,956.2968263,35291.18071,36247.47754,956.2968263,35291.18071,36247.47754,1679.903683,101977.5953,103657.499,1679.903683,101977.5953,103657.499,232.6899692,-31395.23388,-31162.54391,232.6899692,-31395.23388,-31162.54391
33,pre-drought,986.1811021,36394.03011,37380.21121,986.1811021,36394.03011,37380.21121,1732.400673,105164.3952,106896.7958,1732.400673,105164.3952,106896.7958,239.9615308,-32376.33494,-32136.37341,239.9615308,-32376.33494,-32136.37341
34,pre-drought,1016.065378,37496.87951,38512.94488,1016.065378,37496.87951,38512.94488,1784.897663,108351.195,110136.0927,1784.897663,108351.195,110136.0927,247.2330923,-33357.436,-33110.20291,247.2330923,-33357.436,-33110.20291
35,pre-drought,1045.949654,38599.7289,39645.67856,1045.949654,38599.7289,39645.67856,1837.394654,111537.9949,113375.3895,1837.394654,111537.9949,113375.3895,254.5046539,-34338.53706,-34084.0324,254.5046539,-34338.53706,-34084.0324
36,pre-drought,1075.83393,39702.5783,40778.41223,1075.83393,39702.5783,40778.41223,1889.891644,114724.7947,116614.6864,1889.891644,114724.7947,116614.6864,261.7762154,-35319.63811,-35057.8619,261.7762154,-35319.63811,-35057.8619
37,pre-drought,1105.718205,40805.4277,41911.1459,1105.718205,40805.4277,41911.1459,1942.388634,117911.5946,119853.9832,1942.388634,117911.5946,119853.9832,269.0477769,-36300.73917,-36031.6914,269.0477769,-36300.73917,-36031.6914
38,pre-drought,1135.602481,41908.2771,43043.87958,1135.602481,41908.2771,43043.87958,1994.885624,121098.3944,123093.28,1994.885624,121098.3944,123093.28,276.3193385,-37281.84023,-37005.52089,276.3193385,-37281.84023,-37005.52089
39,pre-drought,1165.486757,43011.12649,44176.61325,1165.486757,43011.12649,44176.61325,2047.382614,124285.1943,126332.5769,2047.382614,124285.1943,126332.5769,283.5909,-38262.94129,-37979.35039,283.5909,-38262.94129,-37979.35039
40,pre-drought,1195.371033,44113.97589,45309.34692,1195.371033,44113.97589,45309.34692,2099.879604,127471.9941,129571.8737,2099.879604,127471.9941,129571.8737,290.8624616,-39244.04235,-38953.17989,290.8624616,-39244.04235,-38953.17989
41,pre-drought,1225.255309,45216.82529,46442.0806,1225.255309,45216.82529,46442.0806,2152.376594,130658.794,132811.1706,2152.376594,130658.794,132811.1706,298.1340231,-40225.14341,-39927.00939,298.1340231,-40225.14341,-39927.00939
42,pre-drought,1255.139584,46319.67468,47574.81427,1255.139584,46319.67468,47574.81427,2204.873584,133845.5938,136050.4674,2204.873584,133845.5938,136050.4674,305.4055846,-41206.24447,-40900.83888,305.4055846,-41206.24447,-40900.83888
43,pre-drought,1285.02386,47422.52408,48707.54794,1285.02386,47422.52408,48707.54794,2257.370574,137032.3937,139289.7643,2257.370574,137032.3937,139289.7643,312.6771462,-42187.34553,-41874.66838,312.6771462,-42187.34553,-41874.66838
44,pre-drought,1314.908136,48525.37348,49840.28161,1314.908136,48525.37348,49840.28161,2309.867564,140219.1935,142529.0611,2309.867564,140219.1935,142529.0611,319.9487077,-43168.44658,-42848.49788,319.9487077,-43168.44658,-42848.49788
45,pre-drought,1344.792412,49628.22288,50973.01529,1344.792412,49628.22288,50973.01529,2362.364555,143405.9934,145768.358,2362.364555,143405.9934,145768.358,327.2202693,-44149.54764,-43822.32737,327.2202693,-44149.54764,-43822.32737
46,pre-drought,1374.676688,50731.07227,52105.74896,1374.676688,50731.07227,52105.74896,2414.861545,146592.7932,149007.6548,2414.861545,146592.7932,149007.6548,334.4918308,-45130.6487,-44796.15687,334.4918308,-45130.6487,-44796.15687
47,pre-drought,1404.560964,51833.92167,53238.48263,1404.560964,51833.92167,53238.48263,2467.358535,149779.5931,152246.9516,2467.358535,149779.5931,152246.9516,341.7633923,-46111.74976,-45769.98637,341.7633923,-46111.74976,-45769.98637
48,pre-drought,1434.445239,52936.77107,54371.21631,1434.445239,52936.77107,54371.21631,2519.855525,152966.393,155486.2485,2519.855525,152966.393,155486.2485,349.0349539,-47092.85082,-46743.81587,349.0349539,-47092.85082,-46743.81587
49,pre-drought,1464.329515,54039.62046,55503.94998,1464.329515,54039.62046,55503.94998,2572.352515,156153.1928,158725.5453,2572.352515,156153.1928,158725.5453,356.3065154,-48073.95188,-47717.64536,356.3065154,-48073.95188,-47717.64536
50,pre-drought,1494.213791,55142.46986,56636.68365,1494.213791,55142.46986,56636.68365,2624.849505,159339.9927,161964.8422,2624.849505,159339.9927,161964.8422,363.5780769,-49055.05294,-48691.47486,363.5780769,-49055.05294,-48691.47486
51,pre-drought,1524.098067,56245.31926,57769.41733,1524.098067,56245.31926,57769.41733,2677.346495,162526.7925,165204.139,2677.346495,162526.7925,165204.139,370.8496385,-50036.154,-49665.30436,370.8496385,-50036.154,-49665.30436
52,pre-drought,1553.982343,57348.16866,58902.151,1553.982343,57348.16866,58902.151,2729.843485,165713.5924,168443.4359,2729.843485,165713.5924,168443.4359,378.1212,-51017.25505,-50639.13385,378.1212,-51017.25505,-50639.13385
53,pre-drought,1583.866618,58451.01805,60034.88467,1583.866618,58451.01805,60034.88467,2782.340475,168900.3922,171682.7327,2782.340475,168900.3922,171682.7327,385.3927616,-51998.35611,-51612.96335,385.3927616,-51998.35611,-51612.96335
54,pre-drought,1613.750894,59553.86745,61167.61835,1613.750894,59553.86745,61167.61835,2834.837466,172087.1921,174922.0295,2834.837466,172087.1921,174922.0295,392.6643231,-52979.45717,-52586.79285,392.6643231,-52979.45717,-52586.79285
55,pre-drought,1643.63517,60656.71685,62300.35202,1643.63517,60656.71685,62300.35202,2887.334456,175273.9919,178161.3264,2887.334456,175273.9919,178161.3264,399.9358846,-53960.55823,-53560.62235,399.9358846,-53960.55823,-53560.62235
56,pre-drought,1673.519446,61759.56625,63433.08569,1673.519446,61759.56625,63433.08569,2939.831446,178460.7918,181400.6232,2939.831446,178460.7918,181400.6232,407.2074462,-54941.65929,-54534.45184,407.2074462,-54941.65929,-54534.45184
57,pre-drought,1703.403722,62862.41564,64565.81936,1703.403722,62862.41564,64565.81936,2992.328436,181647.5916,184639.9201,2992.328436,181647.5916,184639.9201,414.4790077,-55922.76035,-55508.28134,414.4790077,-55922.76035,-55508.28134
58,pre-drought,1733.287998,63965.26504,65698.55304,1733.287998,63965.26504,65698.55304,3044.825426,184834.3915,187879.2169,3044.825426,184834.3915,187879.2169,421.7505693,-56903.86141,-56482.11084,421.7505693,-56903.86141,-56482.11084
59,pre-drought,1763.172273,65068.11444,66831.28671,1763.172273,65068.11444,66831.28671,3097.322416,188021.1913,191118.5138,3097.322416,188021.1913,191118.5138,429.0221308,-57884.96247,-57455.94034,429.0221308,-57884.96247,-57455.94034
60,pre-drought,1793.056549,66170.96383,67964.02038,1793.056549,66170.96383,67964.02038,3149.819406,191207.9912,194357.8106,3149.819406,191207.9912,194357.8106,436.2936923,-58866.06352,-58429.76983,436.2936923,-58866.06352,-58429.76983
61,pre-drought,1822.940825,67273.81323,69096.75406,1822.940825,67273.81323,69096.75406,3202.316396,194394.791,197597.1074,3202.316396,194394.791,197597.1074,443.5652539,-59847.16458,-59403.59933,443.5652539,-59847.16458,-59403.59933
62,drought,1869.279057,66869.74728,68739.02634,1852.825101,68376.66263,70229.48773,3280.610326,194706.2502,197986.8605,3254.813386,197581.5909,200836.4043,457.9477892,-60966.75562,-60508.80783,450.8368154,-60828.26564,-60377.42883
63,drought,1915.61729,66465.68133,68381.29862,1882.709377,69479.51203,71362.2214,3358.904255,195017.7093,198376.6136,3307.310376,200768.3908,204075.7011,472.3303244,-62086.34665,-61614.01633,458.108377,-61809.3667,-61351.25832
64,drought,1961.955522,66061.61538,68023.5709,1912.593653,70582.36142,72494.95508,3437.198185,195329.1684,198766.3666,3359.807367,203955.1906,207314.998,486.7128597,-63205.93769,-62719.22483,465.3799385,-62790.46776,-62325.08782
65,drought,2008.293755,65657.54942,67665.84318,1942.477928,71685.21082,73627.68875,3515.492114,195640.6276,199156.1197,3412.304357,207141.9905,210554.2948,501.095395,-64325.52873,-63824.43333,472.6515,-63771.56882,-63298.91732
66,drought,2054.631987,65253.48347,67308.11546,1972.362204,72788.06022,74760.42242,3593.786044,195952.0867,199545.8727,3464.801347,210328.7903,213793.5917,515.4779303,-65445.11976,-64929.64183,479.9230616,-64752.66988,-64272.74682
67,drought,2100.970219,64849.41752,66950.38774,2002.24648,73890.90962,75893.1561,3672.079973,196263.5458,199935.6258,3517.298337,213515.5902,217032.8885,529.8604655,-66564.7108,-66034.85033,487.1946231,-65733.77094,-65246.57631
68,drought,2147.308452,64445.35157,66592.66002,2032.130756,74993.75901,77025.88977,3750.373903,196575.005,200325.3789,3569.795327,216702.39,220272.1853,544.2430008,-67684.30183,-67140.05883,494.4661847,-66714.87199,-66220.40581
69,drought,2193.646684,64041.28561,66234.9323,2062.015032,76096.60841,78158.62344,3828.667832,196886.4641,200715.1319,3622.292317,219889.1899,223511.4822,558.6255361,-68803.89287,-68245.26733,501.7377462,-67695.97305,-67194.23531
70,drought,2239.984917,63637.21966,65877.20458,2091.899307,77199.45781,79291.35711,3906.961762,197197.9232,201104.885,3674.789307,223075.9897,226750.779,573.0080714,-69923.4839,-69350.47583,509.0093077,-68677.07411,-68168.0648
71,drought,2286.323149,63233.15371,65519.47686,2121.783583,78302.3072,80424.09079,3985.255692,197509.3824,201494.638,3727.286297,226262.7896,229990.0759,587.3906067,-71043.07494,-70455.68433,516.2808693,-69658.17517,-69141.8943
72,drought,2332.661381,62829.08776,65161.74914,2151.667859,79405.1566,81556.82446,4063.549621,197820.8415,201884.3911,3779.783287,229449.5894,233229.3727,601.7731419,-72162.66597,-71560.89283,523.5524308,-70639.27623,-70115.7238
73,drought,2378.999614,62425.02181,64804.02142,2181.552135,80508.006,82689.55813,4141.843551,198132.3006,202274.1442,3832.280277,232636.3893,236468.6696,616.1556772,-73282.25701,-72666.10133,530.8239923,-71620.37729,-71089.5533
74,drought,2425.337846,62020.95585,64446.2937,2211.436411,81610.8554,83822.29181,4220.13748,198443.7598,202663.8972,3884.777268,235823.1891,239707.9664,630.5382125,-74401.84804,-73771.30983,538.0955539,-72601.47835,-72063.38279
75,drought,2471.676079,61616.8899,64088.56598,2241.320687,82713.70479,84955.02548,4298.43141,198755.2189,203053.6503,3937.274258,239009.989,242947.2633,644.9207478,-75521.43908,-74876.51833,545.3671154,-73582.57941,-73037.21229
76,drought,2518.014311,61212.82395,63730.83826,2271.204962,83816.55419,86087.75915,4376.725339,199066.678,203443.4034,3989.771248,242196.7888,246186.5601,659.303283,-76641.03012,-75981.72683,552.638677,-74563.68046,-74011.04179
77,drought,2564.352544,60808.758,63373.11054,2301.089238,84919.40359,87220.49283,4455.019269,199378.1371,203833.1564,4042.268238,245383.5887,249425.8569,673.6858183,-77760.62115,-77086.93533,559.9102385,-75544.78152,-74984.87129
78,drought,2610.690776,60404.69204,63015.38282,2330.973514,86022.25298,88353.2265,4533.313198,199689.5963,204222.9095,4094.765228,248570.3886,252665.1538,688.0683536,-78880.21219,-78192.14383,567.1818,-76525.88258,-75958.70078
79,drought,2657.029008,60000.62609,62657.6551,2360.85779,87125.10238,89485.96017,4611.607128,200001.0554,204612.6625,4147.262218,251757.1884,255904.4506,702.4508889,-79999.80322,-79297.35233,574.4533616,-77506.98364,-76932.53028
80,drought,2703.367241,59596.56014,62299.92738,2390.742066,88227.95178,90618.69385,4689.901057,200312.5145,205002.4156,4199.759208,254943.9883,259143.7475,716.8334241,-81119.39426,-80402.56083,581.7249231,-78488.0847,-77906.35978
81,drought,2749.705473,59192.49419,61942.19966,2420.626341,89330.80118,91751.42752,4768.194987,200623.9737,205392.1687,4252.256198,258130.7881,262383.0443,731.2159594,-82238.98529,-81507.76933,588.9964847,-79469.18576,-78880.18927
82,drought,2796.043706,58788.42824,61584.47194,2450.510617,90433.65057,92884.16119,4846.488916,200935.4328,205781.9217,4304.753188,261317.588,265622.3412,745.5984947,-83358.57633,-82612.97783,596.2680462,-80450.28682,-79854.01877
83,drought,2842.381938,58384.36228,61226.74422,2480.394893,91536.49997,94016.89486,4924.782846,201246.8919,206171.6748,4357.250178,264504.3878,268861.638,759.98103,-84478.16736,-83718.18633,603.5396077,-81431.38788,-80827.84827
84,drought,2888.72017,57980.29633,60869.0165,2510.279169,92639.34937,95149.62854,5003.076775,201558.3511,206561.4278,4409.747169,267691.1877,272100.9348,774.3635653,-85597.7584,-84823.39483,610.8111693,-82412.48893,-81801.67777
85,drought,2935.058403,57576.23038,60511.28878,2540.163445,93742.19877,96282.36221,5081.370705,201869.8102,206951.1809,4462.244159,270877.9875,275340.2317,788.7461005,-86717.34943,-85928.60333,618.0827308,-83393.58999,-82775.50726
86,drought,2981.396635,57172.16443,60153.56106,2570.047721,94845.04816,97415.09588,5159.664634,202181.2693,207340.934,4514.741149,274064.7874,278579.5285,803.1286358,-87836.94047,-87033.81183,625.3542924,-84374.69105,-83749.33676
87,drought,3027.734868,56768.09847,59795.83334,2599.931996,95947.89756,98547.82956,5237.958564,202492.7285,207730.687,4567.238139,277251.5872,281818.8254,817.5111711,-88956.53151,-88139.02033,632.6258539,-85355.79211,-84723.16626
88,drought,3074.0731,56364.03252,59438.10562,2629.816272,97050.74696,99680.56323,5316.252494,202804.1876,208120.4401,4619.735129,280438.3871,285058.1222,831.8937064,-90076.12254,-89244.22884,639.8974154,-86336.89317,-85696.99575
89,drought,3120.411332,55959.96657,59080.3779,2659.700548,98153.59635,100813.2969,5394.546423,203115.6467,208510.1931,4672.232119,283625.1869,288297.4191,846.2762416,-91195.71358,-90349.43734,647.168977,-87317.99423,-86670.82525
90,drought,3166.749565,55555.90062,58722.65018,2689.584824,99256.44575,101946.0306,5472.840353,203427.1058,208899.9462,4724.729109,286811.9868,291536.7159,860.6587769,-92315.30461,-91454.64584,654.4405385,-88299.09529,-87644.65475
91,drought,3213.087797,55151.83467,58364.92246,2719.4691,100359.2951,103078.7642,5551.134282,203738.565,209289.6993,4777.226099,289998.7866,294776.0127,875.0413122,-93434.89565,-92559.85434,661.7121,-89280.19635,-88618.48425
92,drought,3259.42603,54747.76871,58007.19474,2749.353375,101462.1445,104211.4979,5629.428212,204050.0241,209679.4523,4829.723089,293185.5865,298015.3096,889.4238475,-94554.48668,-93665.06284,668.9836616,-90261.2974,-89592.31374
93,drought,3305.764262,54343.70276,57649.46702,2779.237651,102564.9939,105344.2316,5707.722141,204361.4832,210069.2054,4882.22008,296372.3864,301254.6064,903.8063828,-95674.07772,-94770.27134,676.2552231,-91242.39846,-90566.14324
94,drought,3352.102494,53939.63681,57291.7393,2809.121927,103667.8433,106476.9653,5786.016071,204672.9424,210458.9584,4934.71707,299559.1862,304493.9033,918.188918,-96793.66875,-95875.47984,683.5267847,-92223.49952,-91539.97274
95,drought,3398.440727,53535.57086,56934.01158,2839.006203,104770.6927,107609.6989,5864.31,204984.4015,210848.7115,4987.21406,302745.9861,307733.2001,932.5714533,-97913.25979,-96980.68834,690.7983462,-93204.60058,-92513.80223
96,drought,3444.778959,53131.5049,56576.28386,2868.890479,105873.5421,108742.4326,5942.60393,205295.8606,211238.4646,5039.71105,305932.7859,310972.497,946.9539886,-99032.85083,-98085.89684,698.0699077,-94185.70164,-93487.63173
97,drought,3491.117192,52727.43895,56218.55614,2898.774755,106976.3915,109875.1663,6020.897859,205607.3198,211628.2176,5092.20804,309119.5858,314211.7938,961.3365239,-100152.4419,-99191.10534,705.3414693,-95166.8027,-94461.46123
98,drought,3537.455424,52323.373,55860.82842,2928.65903,108079.2409,111007.9,6099.191789,205918.7789,212017.9707,5144.70503,312306.3856,317451.0906,975.7190591,-101272.0329,-100296.3138,712.6130308,-96147.90376,-95435.29073
99,drought,3583.793656,51919.30705,55503.1007,2958.543306,109182.0903,112140.6336,6177.485718,206230.238,212407.7237,5197.20202,315493.1855,320690.3875,990.1015944,-102391.6239,-101401.5223,719.8845924,-97129.00482,-96409.12022
100,drought,3630.131889,51515.2411,55145.37298,2988.427582,110284.9397,113273.3673,6255.779648,206541.6972,212797.4768,5249.69901,318679.9853,323929.6843,1004.48413,-103511.215,-102506.7308,727.1561539,-98110.10587,-97382.94972
101,drought,3676.470121,51111.17514,54787.64526,3018.311858,111387.7891,114406.101,6334.073577,206853.1563,213187.2299,5302.196,321866.7852,327168.9812,1018.866665,-104630.806,-103611.9393,734.4277154,-99091.20693,-98356.77922
102,drought,3722.808354,50707.10919,54429.91754,3048.196134,112490.6385,115538.8347,6412.367507,207164.6154,213576.9829,5354.69299,325053.585,330408.278,1033.2492,-105750.397,-104717.1478,741.699277,-100072.308,-99330.60872
103,drought,3769.146586,50303.04324,54072.18982,3078.08041,113593.4879,116671.5683,6490.661436,207476.0746,213966.736,5407.189981,328240.3849,333647.5749,1047.631736,-106869.9881,-105822.3563,748.9708385,-101053.4091,-100304.4382
104,drought,3815.484818,49898.97729,53714.4621,3107.964685,114696.3373,117804.302,6568.955366,207787.5337,214356.489,5459.686971,331427.1847,336886.8717,1062.014271,-107989.5791,-106927.5648,756.2424001,-102034.5101,-101278.2677
105,drought,3861.823051,49494.91133,53356.73439,3137.848961,115799.1867,118937.0357,6647.249295,208098.9928,214746.2421,5512.183961,334613.9846,340126.1686,1076.396806,-109109.1701,-108032.7733,763.5139616,-103015.6112,-102252.0972
106,drought,3908.161283,49090.84538,52999.00667,3167.733237,116902.0361,120069.7693,6725.543225,208410.4519,215135.9952,5564.680951,337800.7844,343365.4654,1090.779341,-110228.7612,-109137.9818,770.7855231,-103996.7122,-103225.9267
107,drought,3954.499516,48686.77943,52641.27895,3197.617513,118004.8855,121202.503,6803.837155,208721.9111,215525.7482,5617.177941,340987.5843,346604.7622,1105.161877,-111348.3522,-110243.1903,778.0570847,-104977.8133,-104199.7562
108,drought,4000.837748,48282.71348,52283.55123,3227.501789,119107.7349,122335.2367,6882.131084,209033.3702,215915.5013,5669.674931,344174.3841,349844.0591,1119.544412,-112467.9433,-111348.3988,785.3286462,-105958.9143,-105173.5857
109,drought,4047.17598,47878.64753,51925.82351,3257.386064,120210.5843,123467.9704,6960.425014,209344.8293,216305.2544,5722.171921,347361.184,353083.3559,1133.926947,-113587.5343,-112453.6073,792.6002077,-106940.0154,-106147.4152
110,drought,4093.514213,47474.58157,51568.09579,3287.27034,121313.4337,124600.704,7038.718943,209656.2885,216695.0074,5774.668911,350547.9839,356322.6528,1148.309482,-114707.1253,-113558.8158,799.8717693,-107921.1165,-107121.2447
111,drought,4139.852445,47070.51562,51210.36807,3317.154616,122416.2831,125733.4377,7117.012873,209967.7476,217084.7605,5827.165901,353734.7837,359561.9496,1162.692018,-115826.7164,-114664.0243,807.1433308,-108902.2175,-108095.0742
112,drought,4186.190678,46666.44967,50852.64035,3347.038892,123519.1325,126866.1714,7195.306802,210279.2067,217474.5135,5879.662891,356921.5836,362801.2465,1177.074553,-116946.3074,-115769.2328,814.4148924,-109883.3186,-109068.9037
113,drought,4232.52891,46262.38372,50494.91263,3376.923168,124621.9819,127998.9051,7273.600732,210590.6659,217864.2666,5932.159882,360108.3834,366040.5433,1191.457088,-118065.8984,-116874.4413,821.6864539,-110864.4196,-110042.7332
114,drought,4278.867142,45858.31776,50137.18491,3406.807444,125724.8313,129131.6387,7351.894661,210902.125,218254.0197,5984.656872,363295.1833,369279.8401,1205.839624,-119185.4895,-117979.6498,828.9580154,-111845.5207,-111016.5627
115,drought,4325.205375,45454.25181,49779.45719,3436.691719,126827.6807,130264.3724,7430.188591,211213.5841,218643.7727,6037.153862,366481.9831,372519.137,1220.222159,-120305.0805,-119084.8583,836.229577,-112826.6218,-111990.3922
116,drought,4371.543607,45050.18586,49421.72947,3466.575995,127930.5301,131397.1061,7508.48252,211525.0433,219033.5258,6089.650852,369668.783,375758.4338,1234.604694,-121424.6715,-120190.0668,843.5011385,-113807.7228,-112964.2217
117,drought,4417.88184,44646.11991,49064.00175,3496.460271,129033.3795,132529.8397,7586.77645,211836.5024,219423.2788,6142.147842,372855.5828,378997.7307,1248.987229,-122544.2626,-121295.2753,850.7727001,-114788.8239,-113938.0512
118,drought,4464.220072,44242.05396,48706.27403,3526.344547,130136.2289,133662.5734,7665.070379,212147.9615,219813.0319,6194.644832,376042.3827,382237.0275,1263.369765,-123663.8536,-122400.4838,858.0442616,-115769.9249,-114911.8807
119,drought,4510.558304,43837.988,48348.54631,3556.228823,131239.0783,134795.3071,7743.364309,212459.4206,220202.785,6247.141822,379229.1825,385476.3244,1277.7523,-124783.4446,-123505.6923,865.3158231,-116751.026,-115885.7102
120,drought,4556.896537,43433.92205,47990.81859,3586.113098,132341.9277,135928.0408,7821.658238,212770.8798,220592.538,6299.638812,382415.9824,388715.6212,1292.134835,-125903.0357,-124610.9008,872.5873847,-117732.127,-116859.5397
121,drought,4603.234769,43029.8561,47633.09087,3615.997374,133444.7771,137060.7744,7899.952168,213082.3389,220982.2911,6352.135802,385602.7822,391954.918,1306.517371,-127022.6267,-125716.1093,879.8589462,-118713.2281,-117833.3692
122,drought,4649.573002,42625.79015,47275.36315,3645.88165,134547.6265,138193.5081,7978.246097,213393.798,221372.0441,6404.632792,388789.5821,395194.2149,1320.899906,-128142.2177,-126821.3178,887.1305078,-119694.3292,-118807.1987
123,drought,4695.911234,42221.72419,46917.63543,3675.765926,135650.4759,139326.2418,8056.540027,213705.2572,221761.7972,6457.129783,391976.3819,398433.5117,1335.282441,-129261.8088,-127926.5263,894.4020693,-120675.4302,-119781.0282
124,drought,4742.249466,41817.65824,46559.90771,3705.650202,136753.3253,140458.9755,8134.833957,214016.7163,222151.5503,6509.626773,395163.1818,401672.8086,1349.664976,-130381.3998,-129031.7348,901.6736308,-121656.5313,-120754.8577
125,drought,4788.587699,41413.59229,46202.17999,3735.534478,137856.1747,141591.7091,8213.127886,214328.1754,222541.3033,6562.123763,398349.9817,404912.1054,1364.047512,-131500.9909,-130136.9433,908.9451924,-122637.6323,-121728.6872
126,drought,4834.925931,41009.52634,45844.45227,3765.418753,138959.0241,142724.4428,8291.421816,214639.6346,222931.0564,6614.620753,401536.7815,408151.4023,1378.430047,-132620.5819,-131242.1518,916.2167539,-123618.7334,-122702.5166
127,drought,4881.264164,40605.46039,45486.72455,3795.303029,140061.8734,143857.1765,8369.715745,214951.0937,223320.8094,6667.117743,404723.5814,411390.6991,1392.812582,-133740.1729,-132347.3603,923.4883155,-124599.8345,-123676.3461
128,drought,4927.602396,40201.39443,45128.99683,3825.187305,141164.7228,144989.9102,8448.009675,215262.5528,223710.5625,6719.614733,407910.3812,414629.9959,1407.195117,-134859.764,-133452.5688,930.759877,-125580.9355,-124650.1756
129,drought,4973.940628,39797.32848,44771.26911,3855.071581,142267.5722,146122.6438,8526.303604,215574.012,224100.3156,6772.111723,411097.1811,417869.2928,1421.577653,-135979.355,-134557.7773,938.0314385,-126562.0366,-125624.0051
130,drought,5020.278861,39393.26253,44413.54139,3884.955857,143370.4216,147255.3775,8604.597534,215885.4711,224490.0686,6824.608713,414283.9809,421108.5896,1435.960188,-137098.946,-135662.9858,945.3030001,-127543.1376,-126597.8346
131,drought,5066.617093,38989.19658,44055.81367,3914.840133,144473.271,148388.1112,8682.891463,216196.9302,224879.8217,6877.105703,417470.7808,424347.8865,1450.342723,-138218.5371,-136768.1943,952.5745616,-128524.2387,-127571.6641
132,drought,5112.955326,38585.13062,43698.08595,3944.724408,145576.1204,149520.8448,8761.185393,216508.3894,225269.5747,6929.602693,420657.5806,427587.1833,1464.725259,-139338.1281,-137873.4028,959.8461231,-129505.3398,-128545.4936
133,drought,5159.293558,38181.06467,43340.35823,3974.608684,146678.9698,150653.5785,8839.479322,216819.8485,225659.3278,6982.099684,423844.3805,430826.4802,1479.107794,-140457.7191,-138978.6113,967.1176847,-130486.4408,-129519.3231
134,drought,5205.63179,37776.99872,42982.63051,4004.49296,147781.8192,151786.3122,8917.773252,217131.3076,226049.0809,7034.596674,427031.1803,434065.777,1493.490329,-141577.3102,-140083.8198,974.3892462,-131467.5419,-130493.1526
135,drought,5251.970023,37372.93277,42624.90279,4034.377236,148884.6686,152919.0459,8996.067181,217442.7667,226438.8339,7087.093664,430217.9802,437305.0739,1507.872864,-142696.9012,-141189.0283,981.6608078,-132448.6429,-131466.9821
136,drought,5298.308255,36968.86682,42267.17507,4064.261512,149987.518,154051.7795,9074.361111,217754.2259,226828.587,7139.590654,433404.78,440544.3707,1522.2554,-143816.4922,-142294.2368,988.9323693,-133429.744,-132440.8116
137,drought,5344.646488,36564.80086,41909.44735,4094.145787,151090.3674,155184.5132,9152.65504,218065.685,227218.34,7192.087644,436591.5799,443783.6675,1536.637935,-144936.0833,-143399.4453,996.2039308,-134410.845,-133414.6411
138,drought,5390.98472,36160.73491,41551.71963,4124.030063,152193.2168,156317.2469,9230.94897,218377.1441,227608.0931,7244.584634,439778.3797,447022.9644,1551.02047,-146055.6743,-144504.6538,1003.475492,-135391.9461,-134388.4706
139,drought,5437.322952,35756.66896,41193.99191,4153.914339,153296.0662,157449.9806,9309.242899,218688.6033,227997.8462,7297.081624,442965.1796,450262.2612,1565.403006,-147175.2654,-145609.8623,1010.747054,-136373.0472,-135362.3001
140,drought,5483.661185,35352.60301,40836.26419,4183.798615,154398.9156,158582.7142,9387.536829,219000.0624,228387.5992,7349.578614,446151.9795,453501.5581,1579.785541,-148294.8564,-146715.0708,1018.018615,-137354.1482,-136336.1296
141,drought,5529.999417,34948.53705,40478.53647,4213.682891,155501.765,159715.4479,9465.830759,219311.5215,228777.3523,7402.075604,449338.7793,456740.8549,1594.168076,-149414.4474,-147820.2793,1025.290177,-138335.2493,-137309.9591
142,drought,5576.33765,34544.4711,40120.80875,4243.567167,156604.6144,160848.1816,9544.124688,219622.9807,229167.1053,7454.572595,452525.5792,459980.1518,1608.550611,-150534.0385,-148925.4878,1032.561739,-139316.3503,-138283.7886
143,drought,5622.675882,34140.40515,39763.08103,4273.451442,157707.4638,161980.9152,9622.418618,219934.4398,229556.8584,7507.069585,455712.379,463219.4486,1622.933147,-151653.6295,-150030.6963,1039.8333,-140297.4514,-139257.6181
144,drought,5669.014115,33736.3392,39405.35331,4303.335718,158810.3132,163113.6489,9700.712547,220245.8989,229946.6115,7559.566575,458899.1789,466458.7454,1637.315682,-152773.2205,-151135.9048,1047.104862,-141278.5525,-140231.4476
145,drought,5715.352347,33332.27325,39047.62559,4333.219994,159913.1626,164246.3826,9779.006477,220557.3581,230336.3645,7612.063565,462085.9787,469698.0423,1651.698217,-153892.8116,-152241.1133,1054.376423,-142259.6535,-141205.2771
146,drought,5761.690579,32928.20729,38689.89787,4363.10427,161016.012,165379.1163,9857.300406,220868.8172,230726.1176,7664.560555,465272.7786,472937.3391,1666.080752,-155012.4026,-153346.3218,1061.647985,-143240.7546,-142179.1066
147,drought,5808.028812,32524.14134,38332.17015,4392.988546,162118.8614,166511.8499,9935.594336,221180.2763,231115.8707,7717.057545,468459.5784,476176.636,1680.463288,-156131.9936,-154451.5303,1068.919546,-144221.8556,-143152.9361
148,drought,5854.367044,32120.07539,37974.44243,4422.872821,163221.7108,167644.5836,10013.88827,221491.7354,231505.6237,7769.554535,471646.3783,479415.9328,1694.845823,-157251.5847,-155556.7388,1076.191108,-145202.9567,-144126.7656
149,drought,5900.705277,31716.00944,37616.71471,4452.757097,164324.5602,168777.3173,10092.18219,221803.1946,231895.3768,7822.051525,474833.1781,482655.2297,1709.228358,-158371.1757,-156661.9473,1083.462669,-146184.0578,-145100.5951
150,drought,5947.043509,31311.94348,37258.98699,4482.641373,165427.4096,169910.051,10170.47612,222114.6537,232285.1298,7874.548515,478019.978,485894.5265,1723.610894,-159490.7667,-157767.1558,1090.734231,-147165.1588,-146074.4246
151,drought,5993.381741,30907.87753,36901.25927,4512.525649,166530.259,171042.7846,10248.77005,222426.1128,232674.8829,7927.045505,481206.7778,489133.8233,1737.993429,-160610.3578,-158872.3643,1098.005792,-148146.2599,-147048.2541
152,drought,6039.719974,30503.81158,36543.53155,4542.409925,167633.1084,172175.5183,10327.06398,222737.572,233064.636,7979.542496,484393.5777,492373.1202,1752.375964,-161729.9488,-159977.5728,1105.277354,-149127.3609,-148022.0836
153,drought,6086.058206,30099.74563,36185.80383,4572.294201,168735.9578,173308.252,10405.35791,223049.0311,233454.389,8032.039486,487580.3775,495612.417,1766.758499,-162849.5398,-161082.7813,1112.548915,-150108.462,-148995.9131
154,drought,6132.396439,29695.67968,35828.07611,4602.178476,169838.8072,174440.9857,10483.65184,223360.4902,233844.1421,8084.536476,490767.1774,498851.7139,1781.141035,-163969.1309,-162187.9898,1119.820477,-151089.563,-149969.7426
155,drought,6178.734671,29291.61372,35470.34839,4632.062752,170941.6566,175573.7193,10561.94577,223671.9494,234233.8951,8137.033466,493953.9773,502091.0107,1795.52357,-165088.7219,-163293.1983,1127.092039,-152070.6641,-150943.5721
156,drought,6225.072903,28887.54777,35112.62067,4661.947028,172044.506,176706.453,10640.2397,223983.4085,234623.6482,8189.530456,497140.7771,505330.3076,1809.906105,-166208.313,-164398.4068,1134.3636,-153051.7652,-151917.4016
157,drought,6271.411136,28483.48182,34754.89295,4691.831304,173147.3554,177839.1867,10718.53363,224294.8676,235013.4013,8242.027446,500327.577,508569.6044,1824.288641,-167327.904,-165503.6153,1141.635162,-154032.8662,-152891.2311
158,drought,6317.749368,28079.41587,34397.16523,4721.71558,174250.2048,178971.9203,10796.82756,224606.3268,235403.1543,8294.524436,503514.3768,511808.9012,1838.671176,-168447.495,-166608.8238,1148.906723,-155013.9673,-153865.0606
159,drought,6364.087601,27675.34991,34039.43752,4751.599855,175353.0542,180104.654,10875.12149,224917.7859,235792.9074,8347.021426,506701.1767,515048.1981,1853.053711,-169567.0861,-167714.0323,1156.178285,-155995.0683,-154838.8901
160,drought,6410.425833,27271.28396,33681.7098,4781.484131,176455.9036,181237.3877,10953.41542,225229.245,236182.6604,8399.518416,509887.9765,518287.4949,1867.436246,-170686.6771,-168819.2408,1163.449846,-156976.1694,-155812.7196
161,drought,6456.764065,26867.21801,33323.98208,4811.368407,177558.753,182370.1214,11031.70935,225540.7042,236572.4135,8452.015406,513074.7764,521526.7918,1881.818782,-171806.2681,-169924.4493,1170.721408,-157957.2705,-156786.5491
162,drought,6503.102298,26463.15206,32966.25436,4841.252683,178661.6024,183502.855,11110.00328,225852.1633,236962.1666,8504.512397,516261.5762,524766.0886,1896.201317,-172925.8592,-171029.6578,1177.992969,-158938.3715,-157760.3785
163,drought,6549.44053,26059.08611,32608.52664,4871.136959,179764.4518,184635.5887,11188.29721,226163.6224,237351.9196,8557.009387,519448.3761,528005.3855,1910.583852,-174045.4502,-172134.8663,1185.264531,-159919.4726,-158734.208
164,drought,6595.778763,25655.02015,32250.79892,4901.021235,180867.3011,185768.3224,11266.59114,226475.0815,237741.6727,8609.506377,522635.1759,531244.6823,1924.966387,-175165.0412,-173240.0748,1192.536092,-160900.5736,-159708.0375
165,drought,6642.116995,25250.9542,31893.0712,4930.90551,181970.1505,186901.0561,11344.88507,226786.5407,238131.4257,8662.003367,525821.9758,534483.9792,1939.348923,-176284.6323,-174345.2833,1199.807654,-161881.6747,-160681.867
166,drought,6688.455227,24846.88825,31535.34348,4960.789786,183072.9999,188033.7897,11423.179,227097.9998,238521.1788,8714.500357,529008.7756,537723.276,1953.731458,-177404.2233,-175450.4919,1207.079215,-162862.7758,-161655.6965
167,drought,6734.79346,24442.8223,31177.61576,4990.674062,184175.8493,189166.5234,11501.47293,227409.4589,238910.9319,8766.997347,532195.5755,540962.5728,1968.113993,-178523.8143,-176555.7004,1214.350777,-163843.8768,-162629.526
168,drought,6781.131692,24038.75634,30819.88804,5020.558338,185278.6987,190299.2571,11579.76686,227720.9181,239300.6849,8819.494337,535382.3753,544201.8697,1982.496529,-179643.4054,-177660.9089,1221.622339,-164824.9779,-163603.3555
169,drought,6827.469925,23634.69039,30462.16032,5050.442614,186381.5481,191431.9907,11658.06079,228032.3772,239690.438,8871.991327,538569.1752,547441.1665,1996.879064,-180762.9964,-178766.1174,1228.8939,-165806.0789,-164577.185
170,drought,6873.808157,23230.62444,30104.4326,5080.32689,187484.3975,192564.7244,11736.35471,228343.8363,240080.191,8924.488317,541755.975,550680.4634,2011.261599,-181882.5875,-179871.3259,1236.165462,-166787.18,-165551.0145
171,drought,6920.146389,22826.55849,29746.70488,5110.211165,188587.2469,193697.4581,11814.64864,228655.2955,240469.9441,8976.985307,544942.7749,553919.7602,2025.644134,-183002.1785,-180976.5344,1243.437023,-167768.281,-166524.844
172,drought,6966.484622,22422.49254,29388.97716,5140.095441,189690.0963,194830.1918,11892.94257,228966.7546,240859.6972,9029.482298,548129.5748,557159.0571,2040.02667,-184121.7695,-182081.7429,1250.708585,-168749.3821,-167498.6735
173,drought,7012.822854,22018.42658,29031.24944,5169.979717,190792.9457,195962.9254,11971.2365,229278.2137,241249.4502,9081.979288,551316.3746,560398.3539,2054.409205,-185241.3606,-183186.9514,1257.980146,-169730.4832,-168472.503
174,drought,7059.161087,21614.36063,28673.52172,5199.863993,191895.7951,197095.6591,12049.53043,229589.6729,241639.2033,9134.476278,554503.1745,563637.6507,2068.79174,-186360.9516,-184292.1599,1265.251708,-170711.5842,-169446.3325
175,drought,7105.499319,21210.29468,28315.794,5229.748269,192998.6445,198228.3928,12127.82436,229901.132,242028.9563,9186.973268,557689.9743,566876.9476,2083.174276,-187480.5426,-185397.3684,1272.523269,-171692.6853,-170420.162
176,drought,7151.837551,20806.22873,27958.06628,5259.632544,194101.4939,199361.1265,12206.11829,230212.5911,242418.7094,9239.470258,560876.7742,570116.2444,2097.556811,-188600.1337,-186502.5769,1279.794831,-172673.7863,-171393.9915
177,drought,7198.175784,20402.16277,27600.33856,5289.51682,195204.3433,200493.8601,12284.41222,230524.0502,242808.4625,9291.967248,564063.574,573355.5413,2111.939346,-189719.7247,-187607.7854,1287.066392,-173654.8874,-172367.821
178,drought,7244.514016,19998.09682,27242.61084,5319.401096,196307.1927,201626.5938,12362.70615,230835.5094,243198.2155,9344.464238,567250.3739,576594.8381,2126.321881,-190839.3157,-188712.9939,1294.337954,-174635.9885,-173341.6505
179,drought,7290.852249,19594.03087,26884.88312,5349.285372,197410.0421,202759.3275,12441.00008,231146.9685,243587.9686,9396.961228,570437.1737,579834.135,2140.704417,-191958.9068,-189818.2024,1301.609515,-175617.0895,-174315.48
180,drought,7337.190481,19189.96492,26527.1554,5379.169648,198512.8915,203892.0612,12519.29401,231458.4276,243977.7217,9449.458218,573623.9736,583073.4318,2155.086952,-193078.4978,-190923.4109,1308.881077,-176598.1906,-175289.3095
181,drought,7383.528713,18785.89897,26169.42768,5409.053924,199615.7409,205024.7948,12597.58794,231769.8868,244367.4747,9501.955209,576810.7734,586312.7286,2169.469487,-194198.0888,-192028.6194,1316.152639,-177579.2916,-176263.139
182,drought,7429.866946,18381.83301,25811.69996,5438.938199,200718.5903,206157.5285,12675.88187,232081.3459,244757.2278,9554.452199,579997.5733,589552.0255,2183.852022,-195317.6799,-193133.8279,1323.4242,-178560.3927,-177236.9685
183,drought recovery,7470.332971,18298.36065,25768.69362,5468.822475,201821.4397,207290.2622,12749.38805,232423.939,245173.327,9606.949189,583184.3731,592791.3223,2191.277888,-195827.2177,-193635.9398,1330.695762,-179541.4938,-178210.798
184,drought recovery,7510.798996,18214.88829,25725.68729,5498.706751,202924.2891,208422.9958,12822.89424,232766.5321,245589.4263,9659.446179,586371.173,596030.6192,2198.703753,-196336.7555,-194138.0517,1337.967323,-180522.5948,-179184.6275
185,drought recovery,7551.265021,18131.41593,25682.68095,5528.591027,204027.1385,209555.7295,12896.40042,233109.1252,246005.5256,9711.943169,589557.9728,599269.916,2206.129618,-196846.2933,-194640.1637,1345.238885,-181503.6959,-180158.457
186,drought recovery,7591.731047,18047.94357,25639.67462,5558.475303,205129.9879,210688.4632,12969.90661,233451.7182,246421.6249,9764.440159,592744.7727,602509.2129,2213.555483,-197355.8311,-195142.2756,1352.510446,-182484.7969,-181132.2865
187,drought recovery,7632.197072,17964.47121,25596.66828,5588.359578,206232.8373,211821.1969,13043.4128,233794.3113,246837.7241,9816.937149,595931.5726,605748.5097,2220.981348,-197865.3689,-195644.3876,1359.782008,-183465.898,-182106.116
188,drought recovery,7672.663097,17880.99885,25553.66194,5618.243854,207335.6867,212953.9305,13116.91898,234136.9044,247253.8234,9869.434139,599118.3724,608987.8065,2228.407214,-198374.9067,-196146.4995,1367.053569,-184446.999,-183079.9455
189,drought recovery,7713.129122,17797.52648,25510.65561,5648.12813,208438.5361,214086.6642,13190.42517,234479.4975,247669.9227,9921.931129,602305.1723,612227.1034,2235.833079,-198884.4445,-196648.6115,1374.325131,-185428.1001,-184053.775
190,drought recovery,7753.595147,17714.05412,25467.64927,5678.012406,209541.3855,215219.3979,13263.93135,234822.0906,248086.0219,9974.428119,605491.9721,615466.4002,2243.258944,-199393.9823,-197150.7234,1381.596692,-186409.2012,-185027.6045
191,drought recovery,7794.061173,17630.58176,25424.64293,5707.896682,210644.2349,216352.1316,13337.43754,235164.6837,248502.1212,10026.92511,608678.772,618705.6971,2250.684809,-199903.5202,-197652.8353,1388.868254,-187390.3022,-186001.434
192,drought recovery,7834.527198,17547.1094,25381.6366,5737.780958,211747.0843,217484.8652,13410.94372,235507.2768,248918.2205,10079.4221,611865.5718,621944.9939,2258.110674,-200413.058,-198154.9473,1396.139815,-188371.4033,-186975.2635
193,drought recovery,7874.993223,17463.63704,25338.63026,5767.665233,212849.9337,218617.5989,13484.44991,235849.8699,249334.3198,10131.91909,615052.3717,625184.2908,2265.53654,-200922.5958,-198657.0592,1403.411377,-189352.5043,-187949.093
194,drought recovery,7915.459248,17380.16468,25295.62393,5797.549509,213952.7831,219750.3326,13557.95609,236192.4629,249750.419,10184.41608,618239.1715,628423.5876,2272.962405,-201432.1336,-199159.1712,1410.682939,-190333.6054,-188922.9225
195,drought recovery,7955.925273,17296.69232,25252.61759,5827.433785,215055.6325,220883.0662,13631.46228,236535.056,250166.5183,10236.91307,621425.9714,631662.8845,2280.38827,-201941.6714,-199661.2831,1417.9545,-191314.7065,-189896.752
196,drought recovery,7996.391298,17213.21996,25209.61125,5857.318061,216158.4819,222015.7999,13704.96846,236877.6491,250582.6176,10289.41006,624612.7712,634902.1813,2287.814135,-202451.2092,-200163.3951,1425.226062,-192295.8075,-190870.5815
197,drought recovery,8036.857324,17129.74759,25166.60492,5887.202337,217261.3313,223148.5336,13778.47465,237220.2422,250998.7168,10341.90705,627799.5711,638141.4781,2295.24,-202960.747,-200665.507,1432.497623,-193276.9086,-191844.411
198,drought recovery,8077.323349,17046.27523,25123.59858,5917.086612,218364.1807,224281.2673,13851.98083,237562.8353,251414.8161,10394.40404,630986.3709,641380.775,2302.665866,-203470.2848,-201167.619,1439.769185,-194258.0096,-192818.2404
199,drought recovery,8117.789374,16962.80287,25080.59225,5946.970888,219467.0301,225414.0009,13925.48702,237905.4284,251830.9154,10446.90103,634173.1708,644620.0718,2310.091731,-203979.8226,-201669.7309,1447.040746,-195239.1107,-193792.0699
200,drought recovery,8158.255399,16879.33051,25037.58591,5976.855164,220569.8794,226546.7346,13998.9932,238248.0215,252247.0147,10499.39802,637359.9706,647859.3687,2317.517596,-204489.3604,-202171.8428,1454.312308,-196220.2117,-194765.8994
201,drought recovery,8198.721424,16795.85815,24994.57957,6006.73944,221672.7288,227679.4683,14072.49939,238590.6145,252663.1139,10551.89501,640546.7705,651098.6655,2324.943461,-204998.8982,-202673.9548,1461.583869,-197201.3128,-195739.7289
202,drought recovery,8239.18745,16712.38579,24951.57324,6036.623716,222775.5782,228812.202,14146.00557,238933.2076,253079.2132,10604.392,643733.5704,654337.9624,2332.369326,-205508.4361,-203176.0667,1468.855431,-198182.4139,-196713.5584
203,drought recovery,8279.653475,16628.91343,24908.5669,6066.507992,223878.4276,229944.9356,14219.51176,239275.8007,253495.3125,10656.88899,646920.3702,657577.2592,2339.795192,-206017.9739,-203678.1787,1476.126992,-199163.5149,-197687.3879
204,drought recovery,8320.1195,16545.44107,24865.56057,6096.392267,224981.277,231077.6693,14293.01794,239618.3938,253911.4118,10709.38598,650107.1701,660816.556,2347.221057,-206527.5117,-204180.2906,1483.398554,-200144.616,-198661.2174
205,drought recovery,8360.585525,16461.96871,24822.55423,6126.276543,226084.1264,232210.403,14366.52413,239960.9869,254327.511,10761.88297,653293.9699,664055.8529,2354.646922,-207037.0495,-204682.4026,1490.670115,-201125.717,-199635.0469
206,drought recovery,8401.05155,16378.49634,24779.54789,6156.160819,227186.9758,233343.1367,14440.03031,240303.58,254743.6103,10814.37996,656480.7698,667295.1497,2362.072787,-207546.5873,-205184.5145,1497.941677,-202106.8181,-200608.8764
207,drought recovery,8441.517576,16295.02398,24736.54156,6186.045095,228289.8252,234475.8703,14513.5365,240646.1731,255159.7096,10866.87695,659667.5696,670534.4466,2369.498652,-208056.1251,-205686.6265,1505.213239,-203087.9192,-201582.7059
208,drought recovery,8481.983601,16211.55162,24693.53522,6215.929371,229392.6746,235608.604,14587.04268,240988.7662,255575.8088,10919.37394,662854.3695,673773.7434,2376.924518,-208565.6629,-206188.7384,1512.4848,-204069.0202,-202556.5354
209,drought recovery,8522.449626,16128.07926,24650.52889,6245.813647,230495.524,236741.3377,14660.54887,241331.3592,255991.9081,10971.87093,666041.1693,677013.0403,2384.350383,-209075.2007,-206690.8503,1519.756362,-205050.1213,-203530.3649
210,drought recovery,8562.915651,16044.6069,24607.52255,6275.697922,231598.3734,237874.0713,14734.05505,241673.9523,256408.0074,11024.36792,669227.9692,680252.3371,2391.776248,-209584.7385,-207192.9623,1527.027923,-206031.2223,-204504.1944
211,drought recovery,8603.381676,15961.13454,24564.51621,6305.582198,232701.2228,239006.805,14807.56124,242016.5454,256824.1067,11076.86491,672414.769,683491.6339,2399.202113,-210094.2763,-207695.0742,1534.299485,-207012.3234,-205478.0239
212,drought recovery,8643.847702,15877.66218,24521.50988,6335.466474,233804.0722,240139.5387,14881.06742,242359.1385,257240.2059,11129.3619,675601.5689,686730.9308,2406.627978,-210603.8142,-208197.1862,1541.571046,-207993.4245,-206451.8534
213,drought recovery,8684.313727,15794.18982,24478.50354,6365.35075,234906.9216,241272.2724,14954.57361,242701.7316,257656.3052,11181.85889,678788.3687,689970.2276,2414.053844,-211113.352,-208699.2981,1548.842608,-208974.5255,-207425.6829
214,drought recovery,8724.779752,15710.71745,24435.49721,6395.235026,236009.771,242405.006,15028.0798,243044.3247,258072.4045,11234.35588,681975.1686,693209.5245,2421.479709,-211622.8898,-209201.4101,1556.114169,-209955.6266,-208399.5124
215,drought recovery,8765.245777,15627.24509,24392.49087,6425.119301,237112.6204,243537.7397,15101.58598,243386.9178,258488.5037,11286.85287,685161.9684,696448.8213,2428.905574,-212132.4276,-209703.522,1563.385731,-210936.7276,-209373.3419
216,drought recovery,8805.711802,15543.77273,24349.48453,6455.003577,238215.4698,244670.4734,15175.09217,243729.5108,258904.603,11339.34986,688348.7683,699688.1182,2436.331439,-212641.9654,-210205.6339,1570.657292,-211917.8287,-210347.1714
217,drought recovery,8846.177827,15460.30037,24306.4782,6484.887853,239318.3192,245803.2071,15248.59835,244072.1039,259320.7023,11391.84685,691535.5682,702927.415,2443.757304,-213151.5032,-210707.7459,1577.928854,-212898.9297,-211321.0009
218,drought recovery,8886.643853,15376.82801,24263.47186,6514.772129,240421.1686,246935.9407,15322.10454,244414.697,259736.8016,11444.34384,694722.368,706166.7118,2451.18317,-213661.041,-211209.8578,1585.200415,-213880.0308,-212294.8304
219,drought recovery,8927.109878,15293.35565,24220.46553,6544.656405,241524.018,248068.6744,15395.61072,244757.2901,260152.9008,11496.84083,697909.1679,709406.0087,2458.609035,-214170.5788,-211711.9698,1592.471977,-214861.1319,-213268.6599
220,drought recovery,8967.575903,15209.88329,24177.45919,6574.540681,242626.8674,249201.4081,15469.11691,245099.8832,260569.0001,11549.33782,701095.9677,712645.3055,2466.0349,-214680.1166,-212214.0817,1599.743539,-215842.2329,-214242.4894
221,drought recovery,9008.041928,15126.41093,24134.45285,6604.424956,243729.7168,250334.1417,15542.62309,245442.4763,260985.0994,11601.83481,704282.7676,715884.6024,2473.460765,-215189.6544,-212716.1937,1607.0151,-216823.334,-215216.3189
222,drought recovery,9048.507953,15042.93856,24091.44652,6634.309232,244832.5662,251466.8754,15616.12928,245785.0694,261401.1986,11654.3318,707469.5674,719123.8992,2480.88663,-215699.1922,-213218.3056,1614.286662,-217804.435,-216190.1484
223,drought recovery,9088.973979,14959.4662,24048.44018,6664.193508,245935.4156,252599.6091,15689.63546,246127.6625,261817.2979,11706.82879,710656.3673,722363.1961,2488.312495,-216208.7301,-213720.4176,1621.558223,-218785.5361,-217163.9779
224,drought recovery,9129.440004,14875.99384,24005.43385,6694.077784,247038.265,253732.3428,15763.14165,246470.2555,262233.3972,11759.32578,713843.1671,725602.4929,2495.738361,-216718.2679,-214222.5295,1628.829785,-219766.6372,-218137.8074
225,drought recovery,9169.906029,14792.52148,23962.42751,6723.96206,248141.1144,254865.0764,15836.64783,246812.8486,262649.4965,11811.82277,717029.967,728841.7898,2503.164226,-217227.8057,-214724.6414,1636.101346,-220747.7382,-219111.6369
226,drought recovery,9210.372054,14709.04912,23919.42117,6753.846335,249243.9638,255997.8101,15910.15402,247155.4417,263065.5957,11864.31976,720216.7668,732081.0866,2510.590091,-217737.3435,-215226.7534,1643.372908,-221728.8393,-220085.4664
227,drought recovery,9250.838079,14625.57676,23876.41484,6783.730611,250346.8132,257130.5438,15983.6602,247498.0348,263481.695,11916.81675,723403.5667,735320.3834,2518.015956,-218246.8813,-215728.8653,1650.644469,-222709.9403,-221059.2959
228,drought recovery,9291.304105,14542.1044,23833.4085,6813.614887,251449.6626,258263.2775,16057.16639,247840.6279,263897.7943,11969.31374,726590.3665,738559.6803,2525.441821,-218756.4191,-216230.9773,1657.916031,-223691.0414,-222033.1254
229,drought recovery,9331.77013,14458.63204,23790.40217,6843.499163,252552.512,259396.0111,16130.67257,248183.221,264313.8935,12021.81073,729777.1664,741798.9771,2532.867687,-219265.9569,-216733.0892,1665.187592,-224672.1425,-223006.9549
230,drought recovery,9372.236155,14375.15967,23747.39583,6873.383439,253655.3614,260528.7448,16204.17876,248525.8141,264729.9928,12074.30772,732963.9662,745038.274,2540.293552,-219775.4947,-217235.2012,1672.459154,-225653.2435,-223980.7844
231,drought recovery,9412.70218,14291.68731,23704.38949,6903.267715,254758.2108,261661.4785,16277.68494,248868.4072,265146.0921,12126.80471,736150.7661,748277.5708,2547.719417,-220285.0325,-217737.3131,1679.730716,-226634.3446,-224954.6139
232,drought recovery,9453.168205,14208.21495,23661.38316,6933.15199,255861.0602,262794.2122,16351.19113,249211.0002,265562.1914,12179.3017,739337.566,751516.8677,2555.145282,-220794.5703,-218239.4251,1687.002277,-227615.4456,-225928.4434
233,drought recovery,9493.634231,14124.74259,23618.37682,6963.036266,256963.9096,263926.9458,16424.69731,249553.5933,265978.2906,12231.79869,742524.3658,754756.1645,2562.571147,-221304.1081,-218741.537,1694.273839,-228596.5467,-226902.2728
234,drought recovery,9534.100256,14041.27023,23575.37049,6992.920542,258066.759,265059.6795,16498.2035,249896.1864,266394.3899,12284.29568,745711.1657,757995.4613,2569.997013,-221813.646,-219243.6489,1701.5454,-229577.6477,-227876.1023
235,drought recovery,9574.566281,13957.79787,23532.36415,7022.804818,259169.6084,266192.4132,16571.70968,250238.7795,266810.4892,12336.79267,748897.9655,761234.7582,2577.422878,-222323.1838,-219745.7609,1708.816962,-230558.7488,-228849.9318
236,drought recovery,9615.032306,13874.32551,23489.35781,7052.689094,260272.4577,267325.1468,16645.21587,250581.3726,267226.5885,12389.28966,752084.7654,764474.055,2584.848743,-222832.7216,-220247.8728,1716.088523,-231539.8499,-229823.7613
237,drought recovery,9655.498331,13790.85315,23446.35148,7082.573369,261375.3071,268457.8805,16718.72205,250923.9657,267642.6877,12441.78665,755271.5652,767713.3519,2592.274608,-223342.2594,-220749.9848,1723.360085,-232520.9509,-230797.5908
238,drought recovery,9695.964356,13707.38078,23403.34514,7112.457645,262478.1565,269590.6142,16792.22824,251266.5588,268058.787,12494.28364,758458.3651,770952.6487,2599.700473,-223851.7972,-221252.0967,1730.631646,-233502.052,-231771.4203
239,drought recovery,9736.430382,13623.90842,23360.3388,7142.341921,263581.0059,270723.3479,16865.73442,251609.1518,268474.8863,12546.78063,761645.1649,774191.9456,2607.126339,-224361.335,-221754.2087,1737.903208,-234483.153,-232745.2498
240,drought recovery,9776.896407,13540.43606,23317.33247,7172.226197,264683.8553,271856.0815,16939.24061,251951.7449,268890.9855,12599.27762,764831.9648,777431.2424,2614.552204,-224870.8728,-222256.3206,1745.174769,-235464.2541,-233719.0793
241,drought recovery,9817.362432,13456.9637,23274.32613,7202.110473,265786.7047,272988.8152,17012.7468,252294.338,269307.0848,12651.77461,768018.7646,780670.5392,2621.978069,-225380.4106,-222758.4325,1752.446331,-236445.3552,-234692.9088
242,drought recovery,9857.828457,13373.49134,23231.3198,7231.994749,266889.5541,274121.5489,17086.25298,252636.9311,269723.1841,12704.2716,771205.5645,783909.8361,2629.403934,-225889.9484,-223260.5445,1759.717892,-237426.4562,-235666.7383
243,drought recovery,9898.294482,13290.01898,23188.31346,7261.879024,267992.4035,275254.2826,17159.75917,252979.5242,270139.2834,12756.76859,774392.3643,787149.1329,2636.829799,-226399.4862,-223762.6564,1766.989454,-238407.5573,-236640.5678
244,drought recovery,9938.760508,13206.54662,23145.30712,7291.7633,269095.2529,276387.0162,17233.26535,253322.1173,270555.3826,12809.26558,777579.1642,790388.4298,2644.255665,-226909.024,-224264.7684,1774.261016,-239388.6583,-237614.3973
245,drought recovery,9979.226533,13123.07426,23102.30079,7321.647576,270198.1023,277519.7499,17306.77154,253664.7104,270971.4819,12861.76258,780765.964,793627.7266,2651.68153,-227418.5619,-224766.8803,1781.532577,-240369.7594,-238588.2268
246,drought recovery,10019.69256,13039.60189,23059.29445,7351.531852,271300.9517,278652.4836,17380.27772,254007.3035,271387.5812,12914.25957,783952.7639,796867.0235,2659.107395,-227928.0997,-225268.9923,1788.804139,-241350.8605,-239562.0563
247,drought recovery,10060.15858,12956.12953,23016.28812,7381.416128,272403.8011,279785.2172,17453.78391,254349.8965,271803.6804,12966.75656,787139.5637,800106.3203,2666.53326,-228437.6375,-225771.1042,1796.0757,-242331.9615,-240535.8858
248,drought recovery,10100.62461,12872.65717,22973.28178,7411.300404,273506.6505,280917.9509,17527.29009,254692.4896,272219.7797,13019.25355,790326.3636,803345.6171,2673.959125,-228947.1753,-226273.2162,1803.347262,-243313.0626,-241509.7153
249,drought recovery,10141.09063,12789.18481,22930.27544,7441.184679,274609.4999,282050.6846,17600.79628,255035.0827,272635.879,13071.75054,793513.1635,806584.914,2681.384991,-229456.7131,-226775.3281,1810.618823,-244294.1636,-242483.5448
250,drought recovery,10181.55666,12705.71245,22887.26911,7471.068955,275712.3493,283183.4183,17674.30246,255377.6758,273051.9783,13124.24753,796699.9633,809824.2108,2688.810856,-229966.2509,-227277.44,1817.890385,-245275.2647,-243457.3743
251,drought recovery,10222.02268,12622.24009,22844.26277,7500.953231,276815.1987,284316.1519,17747.80865,255720.2689,273468.0775,13176.74452,799886.7632,813063.5077,2696.236721,-230475.7887,-227779.552,1825.161946,-246256.3657,-244431.2038
252,drought recovery,10262.48871,12538.76773,22801.25644,7530.837507,277918.0481,285448.8856,17821.31483,256062.862,273884.1768,13229.24151,803073.563,816302.8045,2703.662586,-230985.3265,-228281.6639,1832.433508,-247237.4668,-245405.0333
253,drought recovery,10302.95473,12455.29537,22758.2501,7560.721783,279020.8975,286581.6193,17894.82102,256405.4551,274300.2761,13281.7385,806260.3629,819542.1014,2711.088451,-231494.8643,-228783.7759,1839.705069,-248218.5679,-246378.8628
254,drought recovery,10343.42076,12371.823,22715.24376,7590.606058,280123.7469,287714.353,17968.3272,256748.0481,274716.3753,13334.23549,809447.1627,822781.3982,2718.514317,-232004.4021,-229285.8878,1846.976631,-249199.6689,-247352.6923
255,drought recovery,10383.88678,12288.35064,22672.23743,7620.490334,281226.5963,288847.0866,18041.83339,257090.6412,275132.4746,13386.73248,812633.9626,826020.6951,2725.940182,-232513.9399,-229787.9998,1854.248192,-250180.77,-248326.5218
256,drought recovery,10424.35281,12204.87828,22629.23109,7650.37461,282329.4457,289979.8203,18115.33957,257433.2343,275548.5739,13439.22947,815820.7624,829259.9919,2733.366047,-233023.4778,-230290.1117,1861.519754,-251161.871,-249300.3513
257,drought recovery,10464.81884,12121.40592,22586.22476,7680.258886,283432.2951,291112.554,18188.84576,257775.8274,275964.6732,13491.72646,819007.5623,832499.2887,2740.791912,-233533.0156,-230792.2236,1868.791316,-252142.9721,-250274.1808
258,drought recovery,10505.28486,12037.93356,22543.21842,7710.143162,284535.1445,292245.2877,18262.35194,258118.4205,276380.7724,13544.22345,822194.3621,835738.5856,2748.217777,-234042.5534,-231294.3356,1876.062877,-253124.0732,-251248.0103
259,drought recovery,10545.75089,11954.4612,22500.21208,7740.027438,285637.9939,293378.0213,18335.85813,258461.0136,276796.8717,13596.72044,825381.162,838977.8824,2755.643643,-234552.0912,-231796.4475,1883.334439,-254105.1742,-252221.8398
260,drought recovery,10586.21691,11870.98884,22457.20575,7769.911713,286740.8433,294510.755,18409.36431,258803.6067,277212.971,13649.21743,828567.9618,842217.1793,2763.069508,-235061.629,-232298.5595,1890.606,-255086.2753,-253195.6693
261,drought recovery,10626.68294,11787.51648,22414.19941,7799.795989,287843.6927,295643.4887,18482.8705,259146.1998,277629.0702,13701.71442,831754.7617,845456.4761,2770.495373,-235571.1668,-232800.6714,1897.877562,-256067.3763,-254169.4988
262,drought recovery,10667.14896,11704.04411,22371.19308,7829.680265,288946.5421,296776.2223,18556.37668,259488.7928,278045.1695,13754.21141,834941.5615,848695.773,2777.921238,-236080.7046,-233302.7834,1905.149123,-257048.4774,-255143.3283
263,drought recovery,10707.61499,11620.57175,22328.18674,7859.564541,290049.3915,297908.956,18629.88287,259831.3859,278461.2688,13806.7084,838128.3614,851935.0698,2785.347103,-236590.2424,-233804.8953,1912.420685,-258029.5785,-256117.1578
264,drought recovery,10748.08101,11537.09939,22285.1804,7889.448817,291152.2409,299041.6897,18703.38905,260173.979,278877.3681,13859.20539,841315.1613,855174.3666,2792.772969,-237099.7802,-234307.0073,1919.692246,-259010.6795,-257090.9873
265,drought recovery,10788.54704,11453.62703,22242.17407,7919.333092,292255.0903,300174.4234,18776.89524,260516.5721,279293.4673,13911.70238,844501.9611,858413.6635,2800.198834,-237609.318,-234809.1192,1926.963808,-259991.7806,-258064.8168
266,drought recovery,10829.01306,11370.15467,22199.16773,7949.217368,293357.9397,301307.157,18850.40142,260859.1652,279709.5666,13964.19937,847688.761,861652.9603,2807.624699,-238118.8558,-235311.2311,1934.235369,-260972.8816,-259038.6463
267,drought recovery,10869.47909,11286.68231,22156.1614,7979.101644,294460.7891,302439.8907,18923.90761,261201.7583,280125.6659,14016.69636,850875.5608,864892.2572,2815.050564,-238628.3937,-235813.3431,1941.506931,-261953.9827,-260012.4758
268,drought recovery,10909.94511,11203.20995,22113.15506,8008.98592,295563.6385,303572.6244,18997.4138,261544.3514,280541.7652,14069.19335,854062.3607,868131.554,2822.476429,-239137.9315,-236315.455,1948.778492,-262935.0837,-260986.3053
269,drought recovery,10950.41114,11119.73759,22070.14872,8038.870196,296666.4879,304705.3581,19070.91998,261886.9444,280957.8644,14121.69034,857249.1605,871370.8509,2829.902294,-239647.4693,-236817.567,1956.050054,-263916.1848,-261960.1347
270,drought recovery,10990.87716,11036.26523,22027.14239,8068.754472,297769.3373,305838.0917,19144.42617,262229.5375,281373.9637,14174.18733,860435.9604,874610.1477,2837.32816,-240157.0071,-237319.6789,1963.321616,-264897.2859,-262933.9642
271,drought recovery,11031.34319,10952.79286,21984.13605,8098.638747,298872.1867,306970.8254,19217.93235,262572.1306,281790.063,14226.68432,863622.7602,877849.4445,2844.754025,-240666.5449,-237821.7909,1970.593177,-265878.3869,-263907.7937
272,drought recovery,11071.80921,10869.3205,21941.12972,8128.523023,299975.0361,308103.5591,19291.43854,262914.7237,282206.1622,14279.18131,866809.5601,881088.7414,2852.17989,-241176.0827,-238323.9028,1977.864739,-266859.488,-264881.6232
273,drought recovery,11112.27524,10785.84814,21898.12338,8158.407299,301077.8854,309236.2927,19364.94472,263257.3168,282622.2615,14331.6783,869996.3599,884328.0382,2859.605755,-241685.6205,-238826.0148,1985.1363,-267840.589,-265855.4527
274,drought recovery,11152.74126,10702.37578,21855.11704,8188.291575,302180.7348,310369.0264,19438.45091,263599.9099,283038.3608,14384.17529,873183.1598,887567.3351,2867.03162,-242195.1583,-239328.1267,1992.407862,-268821.6901,-266829.2822
275,post-drought,11193.58943,16005.17273,27198.76216,8218.175851,303283.5842,311501.7601,19504.35511,271515.3965,291019.7516,14436.67228,876369.9596,890806.6319,2882.823755,-239505.0511,-236622.2273,1999.679423,-269802.7912,-267803.1117
276,post-drought,11234.4376,21307.96967,32542.40727,8248.060126,304386.4336,312634.4938,19570.25931,279430.8831,299001.1424,14489.16927,879556.7595,894045.9288,2898.61589,-236814.9438,-233916.3279,2006.950985,-270783.8922,-268776.9412
277,post-drought,11275.28577,26610.76662,37886.05238,8277.944402,305489.283,313767.2274,19636.16351,287346.3698,306982.5333,14541.66626,882743.5593,897285.2256,2914.408024,-234124.8365,-231210.4285,2014.222546,-271764.9933,-269750.7707
278,post-drought,11316.13393,31913.56356,43229.6975,8307.828678,306592.1324,314899.9611,19702.06771,295261.8564,314963.9241,14594.16325,885930.3592,900524.5224,2930.200159,-231434.7293,-228504.5291,2021.494108,-272746.0943,-270724.6002
279,post-drought,11356.9821,37216.36051,48573.34261,8337.712954,307694.9818,316032.6948,19767.97191,303177.343,322945.3149,14646.66024,889117.1591,903763.8193,2945.992293,-228744.622,-225798.6297,2028.765669,-273727.1954,-271698.4297
280,post-drought,11397.83027,42519.15745,53916.98772,8367.59723,308797.8312,317165.4285,19833.87611,311092.8297,330926.7058,14699.15723,892303.9589,907003.1161,2961.784428,-226054.5148,-223092.7303,2036.037231,-274708.2964,-272672.2592
281,post-drought,11438.67844,47821.9544,59260.63283,8397.481506,309900.6806,318298.1621,19899.78031,319008.3163,338908.0966,14751.65422,895490.7588,910242.413,2977.576562,-223364.4075,-220386.8309,2043.308792,-275689.3975,-273646.0887
282,post-drought,11479.5266,53124.75134,64604.27795,8427.365781,311003.53,319430.8958,19965.68451,326923.8029,346889.4874,14804.15121,898677.5586,913481.7098,2993.368697,-220674.3002,-217680.9315,2050.580354,-276670.4986,-274619.9182
283,post-drought,11520.37477,58427.54829,69947.92306,8457.250057,312106.3794,320563.6295,20031.58871,334839.2896,354870.8783,14856.6482,901864.3585,916721.0067,3009.160831,-217984.193,-214975.0321,2057.851916,-277651.5996,-275593.7477
284,post-drought,11561.22294,63730.34523,75291.56817,8487.134333,313209.2288,321696.3632,20097.49291,342754.7762,362852.2691,14909.14519,905051.1583,919960.3035,3024.952966,-215294.0857,-212269.1328,2065.123477,-278632.7007,-276567.5772
285,post-drought,11602.07111,69033.14218,80635.21329,8517.018609,314312.0782,322829.0968,20163.39711,350670.2628,370833.6599,14961.64218,908237.9582,923199.6004,3040.745101,-212603.9785,-209563.2334,2072.395039,-279613.8017,-277541.4067
286,post-drought,11642.91928,74335.93912,85978.8584,8546.902885,315414.9276,323961.8305,20229.30132,358585.7495,378815.0508,15014.13917,911424.758,926438.8972,3056.537235,-209913.8712,-206857.334,2079.6666,-280594.9028,-278515.2362
287,post-drought,11683.76744,79638.73607,91322.50351,8576.787161,316517.777,325094.5642,20295.20552,366501.2361,386796.4416,15066.63616,914611.5579,929678.194,3072.32937,-207223.7639,-204151.4346,2086.938162,-281576.0039,-279489.0657
288,post-drought,11724.61561,84941.53302,96666.14863,8606.671436,317620.6264,326227.2978,20361.10972,374416.7227,394777.8324,15119.13315,917798.3577,932917.4909,3088.121504,-204533.6567,-201445.5352,2094.209723,-282557.1049,-280462.8952
289,post-drought,11765.46378,90244.32996,102009.7937,8636.555712,318723.4758,327360.0315,20427.01392,382332.2093,402759.2233,15171.63014,920985.1576,936156.7877,3103.913639,-201843.5494,-198739.6358,2101.481285,-283538.206,-281436.7247
290,post-drought,11806.31195,95547.12691,107353.4389,8666.439988,319826.3252,328492.7652,20492.91812,390247.696,410740.6141,15224.12713,924171.9574,939396.0846,3119.705773,-199153.4422,-196033.7364,2108.752846,-284519.307,-282410.5542
291,post-drought,11847.16011,100849.9239,112697.084,8696.324264,320929.1746,329625.4989,20558.82232,398163.1826,418722.0049,15276.62412,927358.7573,942635.3814,3135.497908,-196463.3349,-193327.837,2116.024408,-285500.4081,-283384.3837
292,post-drought,11888.00828,106152.7208,118040.7291,8726.20854,322032.024,330758.2325,20624.72652,406078.6692,426703.3958,15329.12111,930545.5571,945874.6783,3151.290043,-193773.2276,-190621.9376,2123.295969,-286481.5092,-284358.2132
293,post-drought,11928.85645,111455.5177,123384.3742,8756.092815,323134.8734,331890.9662,20690.63072,413994.1559,434684.7866,15381.6181,933732.357,949113.9751,3167.082177,-191083.1204,-187916.0382,2130.567531,-287462.6102,-285332.0427
294,post-drought,11969.70462,116758.3147,128728.0193,8785.977091,324237.7228,333023.6999,20756.53492,421909.6425,442666.1774,15434.11509,936919.1569,952353.2719,3182.874312,-188393.0131,-185210.1388,2137.839092,-288443.7113,-286305.8722
295,post-drought,12010.55278,122061.1116,134071.6644,8815.861367,325340.5722,334156.4336,20822.43912,429825.1291,450647.5683,15486.61208,940105.9567,955592.5688,3198.666446,-185702.9059,-182504.2394,2145.110654,-289424.8123,-287279.7017
296,post-drought,12051.40095,127363.9086,139415.3095,8845.745643,326443.4216,335289.1672,20888.34332,437740.6158,458628.9591,15539.10907,943292.7566,958831.8656,3214.458581,-183012.7986,-179798.34,2152.382216,-290405.9134,-288253.5312
297,post-drought,12092.24912,132666.7055,144758.9546,8875.629919,327546.271,336421.9009,20954.24752,445656.1024,466610.3499,15591.60606,946479.5564,962071.1625,3230.250715,-180322.6913,-177092.4406,2159.653777,-291387.0144,-289227.3607
298,post-drought,12133.09729,137969.5025,150102.5998,8905.514195,328649.1204,337554.6346,21020.15173,453571.589,474591.7408,15644.10305,949666.3563,965310.4593,3246.04285,-177632.5841,-174386.5412,2166.925339,-292368.1155,-290201.1902
299,post-drought,12173.94546,143272.2994,155446.2449,8935.39847,329751.9698,338687.3682,21086.05593,461487.0757,482573.1316,15696.60004,952853.1561,968549.7562,3261.834984,-174942.4768,-171680.6418,2174.1969,-293349.2166,-291175.0197
300,post-drought,12214.79362,148575.0964,160789.89,8965.282746,330854.8192,339820.1019,21151.96013,469402.5623,490554.5224,15749.09703,956039.956,971789.053,3277.627119,-172252.3696,-168974.7424,2181.468462,-294330.3176,-292148.8492
301,post-drought,12255.64179,153877.8933,166133.5351,8995.167022,331957.6686,340952.8356,21217.86433,477318.0489,498535.9132,15801.59402,959226.7558,975028.3498,3293.419254,-169562.2623,-166268.8431,2188.740023,-295311.4187,-293122.6787
302,post-drought,12296.48996,159180.6903,171477.1802,9025.051298,333060.518,342085.5693,21283.76853,485233.5356,506517.3041,15854.09101,962413.5557,978267.6467,3309.211388,-166872.155,-163562.9437,2196.011585,-296292.5197,-294096.5082
303,post-drought,12337.33813,164483.4872,176820.8253,9054.935574,334163.3674,343218.3029,21349.67273,493149.0222,514498.6949,15906.588,965600.3555,981506.9435,3325.003523,-164182.0478,-160857.0443,2203.283146,-297273.6208,-295070.3377
304,post-drought,12378.18629,169786.2841,182164.4704,9084.819849,335266.2168,344351.0366,21415.57693,501064.5088,522480.0857,15959.08499,968787.1554,984746.2404,3340.795657,-161491.9405,-158151.1449,2210.554708,-298254.7219,-296044.1672
305,post-drought,12419.03446,175089.0811,187508.1155,9114.704125,336369.0662,345483.7703,21481.48113,508979.9954,530461.4766,16011.58198,971973.9552,987985.5372,3356.587792,-158801.8333,-155445.2455,2217.826269,-299235.8229,-297017.9966
306,post-drought,12459.88263,180391.878,192851.7607,9144.588401,337471.9156,346616.504,21547.38533,516895.4821,538442.8674,16064.07897,975160.7551,991224.8341,3372.379926,-156111.726,-152739.3461,2225.097831,-300216.924,-297991.8261
307,post-drought,12500.7308,185694.675,198195.4058,9174.472677,338574.765,347749.2376,21613.28953,524810.9687,546424.2582,16116.57596,978347.5549,994464.1309,3388.172061,-153421.6188,-150033.4467,2232.369392,-301198.025,-298965.6556
308,post-drought,12541.57896,190997.4719,203539.0509,9204.356953,339677.6144,348881.9713,21679.19373,532726.4553,554405.6491,16169.07295,981534.3548,997703.4277,3403.964195,-150731.5115,-147327.5473,2239.640954,-302179.1261,-299939.4851
309,post-drought,12582.42713,196300.2689,208882.696,9234.241229,340780.4637,350014.705,21745.09793,540641.942,562387.0399,16221.56994,984721.1546,1000942.725,3419.75633,-148041.4042,-144621.6479,2246.912516,-303160.2272,-300913.3146
310,post-drought,12623.2753,201603.0658,214226.3411,9264.125504,341883.3131,351147.4386,21811.00214,548557.4286,570368.4307,16274.06693,987907.9545,1004182.021,3435.548465,-145351.297,-141915.7485,2254.184077,-304141.3282,-301887.1441
311,post-drought,12664.12347,206905.8628,219569.9862,9294.00978,342986.1625,352280.1723,21876.90634,556472.9152,578349.8216,16326.56392,991094.7544,1007421.318,3451.340599,-142661.1897,-139209.8491,2261.455639,-305122.4293,-302860.9736
312,post-drought,12704.97164,212208.6597,224913.6313,9323.894056,344089.0119,353412.906,21942.81054,564388.4019,586331.2124,16379.06091,994281.5542,1010660.615,3467.132734,-139971.0825,-136503.9497,2268.7272,-306103.5303,-303834.8031
313,post-drought,12745.8198,217511.4566,230257.2765,9353.778332,345191.8613,354545.6397,22008.71474,572303.8885,594312.6032,16431.5579,997468.3541,1013899.912,3482.924868,-137280.9752,-133798.0503,2275.998762,-307084.6314,-304808.6326
314,post-drought,12786.66797,222814.2536,235600.9216,9383.662608,346294.7107,355678.3733,22074.61894,580219.3751,602293.9941,16484.05489,1000655.154,1017139.209,3498.717003,-134590.8679,-131092.1509,2283.270323,-308065.7324,-305782.4621
315,post-drought,12827.51614,228117.0505,240944.5667,9413.546883,347397.5601,356811.107,22140.52314,588134.8618,610275.3849,16536.55188,1003841.954,1020378.506,3514.509137,-131900.7607,-128386.2515,2290.541885,-309046.8335,-306756.2916
316,post-drought,12868.36431,233419.8475,246288.2118,9443.431159,348500.4095,357943.8407,22206.42734,596050.3484,618256.7757,16589.04887,1007028.754,1023617.802,3530.301272,-129210.6534,-125680.3521,2297.813446,-310027.9346,-307730.1211
317,post-drought,12909.21247,238722.6444,251631.8569,9473.315435,349603.2589,359076.5744,22272.33154,603965.835,626238.1666,16641.54586,1010215.553,1026857.099,3546.093406,-126520.5462,-122974.4527,2305.085008,-311009.0356,-308703.9506
318,post-drought,12950.06064,244025.4414,256975.502,9503.199711,350706.1083,360209.308,22338.23574,611881.3216,634219.5574,16694.04285,1013402.353,1030096.396,3561.885541,-123830.4389,-120268.5534,2312.356569,-311990.1367,-309677.7801
319,post-drought,12990.90881,249328.2383,262319.1471,9533.083987,351808.9577,361342.0417,22404.13994,619796.8083,642200.9482,16746.53984,1016589.153,1033335.693,3577.677676,-121140.3316,-117562.654,2319.628131,-312971.2377,-310651.6096
320,post-drought,13031.75698,254631.0353,267662.7922,9562.968263,352911.8071,362474.7754,22470.04414,627712.2949,650182.3391,16799.03683,1019775.953,1036574.99,3593.46981,-118450.2244,-114856.7546,2326.899692,-313952.3388,-311625.4391
321,post-drought,13072.60514,259933.8322,273006.4374,9592.852538,354014.6565,363607.5091,22535.94834,635627.7815,658163.7299,16851.53382,1022962.753,1039814.287,3609.261945,-115760.1171,-112150.8552,2334.171254,-314933.4399,-312599.2686
322,post-drought,13113.45331,265236.6292,278350.0825,9622.736814,355117.5059,364740.2427,22601.85254,643543.2682,666145.1207,16904.03081,1026149.553,1043053.584,3625.054079,-113070.0099,-109444.9558,2341.442816,-315914.5409,-313573.0981
323,post-drought,13154.30148,270539.4261,283693.7276,9652.62109,356220.3553,365872.9764,22667.75675,651458.7548,674126.5116,16956.5278,1029336.353,1046292.88,3640.846214,-110379.9026,-106739.0564,2348.714377,-316895.642,-314546.9276
324,post-drought,13195.14965,275842.223,289037.3727,9682.505366,357323.2047,367005.7101,22733.66095,659374.2414,682107.9024,17009.02479,1032523.152,1049532.177,3656.638348,-107689.7953,-104033.157,2355.985939,-317876.743,-315520.7571
325,post-drought,13235.99782,281145.02,294381.0178,9712.389642,358426.0541,368138.4437,22799.56515,667289.7281,690089.2932,17061.52178,1035709.952,1052771.474,3672.430483,-104999.6881,-101327.2576,2363.2575,-318857.8441,-316494.5866
326,post-drought,13276.84598,286447.8169,299724.6629,9742.273918,359528.9035,369271.1774,22865.46935,675205.2147,698070.684,17114.01877,1038896.752,1056010.771,3688.222618,-102309.5808,-98621.3582,2370.529062,-319838.9452,-317468.4161